metric,family_id_group,treatment_group,n,mean,sd,se,median
metabolism_per_area_mm2_measurement,1,NA,11,0.5304221059158465,0.29440803383831704,0.0887673621370867,0.4552145233664792
metabolism_per_area_mm2_measurement,10,NA,11,0.4410755335428732,0.32762680650977066,0.09878319895047975,0.31493194964602816
metabolism_per_area_mm2_measurement,3,NA,11,0.2803692925417993,0.18353369224539837,0.055337490324231534,0.22838097135561014
metabolism_per_area_mm2_measurement,5,NA,11,0.3916583182494422,0.26127712607575343,0.07877801759051428,0.4293966655884165
metabolism_per_area_mm2_measurement,6,NA,11,0.5631360501483276,0.3417491769769907,0.10304125385867656,0.4779507540886091
metabolism_per_area_mm2_measurement,7,NA,11,0.5045559217718086,0.4856657969839228,0.14643374746405374,0.24509774987787933
metabolism_per_area_mm2_measurement,8,NA,11,0.4248812981686895,0.1617272824314163,0.04876261038080405,0.42844886800042187
metabolism_per_area_mm2_measurement,9,NA,11,0.29560828607649875,0.1794548525948069,0.0541076738968646,0.23928522408416414
metabolism_per_area_mm2_measurement,9b,NA,11,0.26712340748227276,0.3364978225366004,0.10145791092050008,0.1280752242654121
