row_id,col_id,well_id,value,plate_id,time_hr,is_blank,exclude_from_analysis,exclude_reason,family_id_group,sample_id_group,treatment_group,width_mm_measurement,length_mm_measurement,weight_mg_measurement,area_mm2_measurement,sample_key,value_t0,fold_change,trace_id,mean_blank_rfu,mean_blank_fc,corrected_fc,metabolism_per_area_mm2_measurement
A,1,A1,202,a,0,FALSE,FALSE,NA,NA,c-01,control,NA,NA,NA,7395,c-01,202,1,c-01,168,0.9725036179450073,0.02749638205499272,3.718239628802261e-6
A,2,A2,195,a,0,FALSE,FALSE,NA,NA,c-25,control,NA,NA,NA,7340,c-25,195,1,c-25,168,0.9725036179450073,0.02749638205499272,3.746101097410452e-6
A,3,A3,244,a,0,FALSE,FALSE,NA,NA,oae-03,oae,NA,NA,NA,6008,oae-03,244,1,oae-03,168,0.9725036179450073,0.02749638205499272,4.5766281716033155e-6
A,4,A4,211,a,0,FALSE,FALSE,NA,NA,oae-27,oae,NA,NA,NA,8749,oae-27,211,1,oae-27,168,0.9725036179450073,0.02749638205499272,3.14280284089527e-6
A,5,A5,178,a,0,FALSE,FALSE,NA,NA,c-05,control,NA,NA,NA,8809,c-05,178,1,c-05,168,0.9725036179450073,0.02749638205499272,3.121396532522729e-6
A,6,A6,222,a,0,FALSE,FALSE,NA,NA,c-29,control,NA,NA,NA,9055,c-29,222,1,c-29,168,0.9725036179450073,0.02749638205499272,3.036596582550273e-6
B,1,B1,204,a,0,FALSE,FALSE,NA,NA,oae-07,oae,NA,NA,NA,5072,oae-07,204,1,oae-07,168,0.9725036179450073,0.02749638205499272,5.421210972987523e-6
B,2,B2,187,a,0,FALSE,FALSE,NA,NA,oae-31,oae,NA,NA,NA,5397,oae-31,187,1,oae-31,168,0.9725036179450073,0.02749638205499272,5.094753021121497e-6
B,3,B3,232,a,0,FALSE,FALSE,NA,NA,c-09,control,NA,NA,NA,9991,c-09,232,1,c-09,168,0.9725036179450073,0.02749638205499272,2.7521151090974596e-6
B,4,B4,207,a,0,FALSE,FALSE,NA,NA,c-33,control,NA,NA,NA,9702,c-33,207,1,c-33,168,0.9725036179450073,0.02749638205499272,2.8340942130481053e-6
B,5,B5,205,a,0,FALSE,FALSE,NA,NA,oae-11,oae,NA,NA,NA,6478,oae-11,205,1,oae-11,168,0.9725036179450073,0.02749638205499272,4.244578890860253e-6
B,6,B6,205,a,0,FALSE,FALSE,NA,NA,oae-35,oae,NA,NA,NA,3394,oae-35,205,1,oae-35,168,0.9725036179450073,0.02749638205499272,8.101467900704985e-6
C,1,C1,197,a,0,FALSE,FALSE,NA,NA,c-13,control,NA,NA,NA,8996,c-13,197,1,c-13,168,0.9725036179450073,0.02749638205499272,3.0565120114487237e-6
C,2,C2,190,a,0,FALSE,FALSE,NA,NA,c-37,control,NA,NA,NA,7650,c-37,190,1,c-37,168,0.9725036179450073,0.02749638205499272,3.5942983078421853e-6
C,3,C3,210,a,0,FALSE,FALSE,NA,NA,oae-15,oae,NA,NA,NA,9695,oae-15,210,1,oae-15,168,0.9725036179450073,0.02749638205499272,2.8361404904582486e-6
C,4,C4,189,a,0,FALSE,FALSE,NA,NA,oae-39,oae,NA,NA,NA,8385,oae-39,189,1,oae-39,168,0.9725036179450073,0.02749638205499272,3.279234592127933e-6
C,5,C5,215,a,0,FALSE,FALSE,NA,NA,c-17,control,NA,NA,NA,6249,c-17,215,1,c-17,168,0.9725036179450073,0.02749638205499272,4.400125148822647e-6
C,6,C6,191,a,0,FALSE,FALSE,NA,NA,c-41,control,NA,NA,NA,7421,c-41,191,1,c-41,168,0.9725036179450073,0.02749638205499272,3.705212512463646e-6
D,1,D1,199,a,0,FALSE,FALSE,NA,NA,oae-19,oae,NA,NA,NA,4858,oae-19,199,1,oae-19,168,0.9725036179450073,0.02749638205499272,5.660021007614804e-6
D,2,D2,216,a,0,FALSE,FALSE,NA,NA,oae-43,oae,NA,NA,NA,11306,oae-43,216,1,oae-43,168,0.9725036179450073,0.02749638205499272,2.4320168101001874e-6
D,3,D3,191,a,0,FALSE,FALSE,NA,NA,c-21,control,NA,NA,NA,5712,c-21,191,1,c-21,168,0.9725036179450073,0.02749638205499272,4.813792376574355e-6
D,4,D4,203,a,0,FALSE,FALSE,NA,NA,c-45,control,NA,NA,NA,9250,c-45,203,1,c-45,168,0.9725036179450073,0.02749638205499272,2.9725818437829964e-6
D,5,D5,245,a,0,FALSE,FALSE,NA,NA,oae-23,oae,NA,NA,NA,6924,oae-23,245,1,oae-23,168,0.9725036179450073,0.02749638205499272,3.971170140813506e-6
A,1,A1,364,a,0.5,FALSE,FALSE,NA,NA,c-01,control,NA,NA,NA,7395,c-01,202,1.801980198019802,c-01,167,0.9667149059334298,0.8352652920863722,1.12950005691193e-4
A,2,A2,361,a,0.5,FALSE,FALSE,NA,NA,c-25,control,NA,NA,NA,7340,c-25,195,1.8512820512820514,c-25,167,0.9667149059334298,0.8845671453486216,1.2051323506112011e-4
A,3,A3,2524,a,0.5,FALSE,FALSE,NA,NA,oae-03,oae,NA,NA,NA,6008,oae-03,244,10.344262295081966,oae-03,167,0.9667149059334298,9.377547389148537,0.0015608434402710615
A,4,A4,2117,a,0.5,FALSE,FALSE,NA,NA,oae-27,oae,NA,NA,NA,8749,oae-27,211,10.033175355450236,oae-27,167,0.9667149059334298,9.066460449516807,0.001036285341126621
A,5,A5,415,a,0.5,FALSE,FALSE,NA,NA,c-05,control,NA,NA,NA,8809,c-05,178,2.331460674157303,c-05,167,0.9667149059334298,1.3647457682238735,1.5492629903778789e-4
A,6,A6,482,a,0.5,FALSE,FALSE,NA,NA,c-29,control,NA,NA,NA,9055,c-29,222,2.171171171171171,c-29,167,0.9667149059334298,1.2044562652377415,1.3301560079930885e-4
B,1,B1,296,a,0.5,FALSE,FALSE,NA,NA,oae-07,oae,NA,NA,NA,5072,oae-07,204,1.4509803921568627,oae-07,167,0.9667149059334298,0.4842654862234329,9.547821100619733e-5
B,2,B2,814,a,0.5,FALSE,FALSE,NA,NA,oae-31,oae,NA,NA,NA,5397,oae-31,187,4.352941176470588,oae-31,167,0.9667149059334298,3.386226270537158,6.274275098271555e-4
B,3,B3,438,a,0.5,FALSE,FALSE,NA,NA,c-09,control,NA,NA,NA,9991,c-09,232,1.8879310344827587,c-09,167,0.9667149059334298,0.9212161285493289,9.220459699222589e-5
B,4,B4,1340,a,0.5,FALSE,FALSE,NA,NA,c-33,control,NA,NA,NA,9702,c-33,207,6.473429951690822,c-33,167,0.9667149059334298,5.5067150457573915,5.675855540875481e-4
B,5,B5,270,a,0.5,FALSE,FALSE,NA,NA,oae-11,oae,NA,NA,NA,6478,oae-11,205,1.3170731707317074,oae-11,167,0.9667149059334298,0.3503582647982776,5.408432614978043e-5
B,6,B6,370,a,0.5,FALSE,FALSE,NA,NA,oae-35,oae,NA,NA,NA,3394,oae-35,205,1.8048780487804879,oae-35,167,0.9667149059334298,0.8381631428470581,2.469543732607714e-4
C,1,C1,286,a,0.5,FALSE,FALSE,NA,NA,c-13,control,NA,NA,NA,8996,c-13,197,1.4517766497461928,c-13,167,0.9667149059334298,0.485061743812763,5.391971362969798e-5
C,2,C2,268,a,0.5,FALSE,FALSE,NA,NA,c-37,control,NA,NA,NA,7650,c-37,190,1.4105263157894736,c-37,167,0.9667149059334298,0.44381140985604384,5.801456337987501e-5
C,3,C3,495,a,0.5,FALSE,FALSE,NA,NA,oae-15,oae,NA,NA,NA,9695,oae-15,210,2.357142857142857,oae-15,167,0.9667149059334298,1.3904279512094275,1.4341701404945101e-4
C,4,C4,282,a,0.5,FALSE,FALSE,NA,NA,oae-39,oae,NA,NA,NA,8385,oae-39,189,1.492063492063492,oae-39,167,0.9667149059334298,0.5253485861300623,6.265337938343021e-5
C,5,C5,350,a,0.5,FALSE,FALSE,NA,NA,c-17,control,NA,NA,NA,6249,c-17,215,1.627906976744186,c-17,167,0.9667149059334298,0.6611920708107563,1.0580766055540986e-4
C,6,C6,257,a,0.5,FALSE,FALSE,NA,NA,c-41,control,NA,NA,NA,7421,c-41,191,1.3455497382198953,c-41,167,0.9667149059334298,0.37883483228646553,5.104902739340595e-5
D,1,D1,1372,a,0.5,FALSE,FALSE,NA,NA,oae-19,oae,NA,NA,NA,4858,oae-19,199,6.894472361809045,oae-19,167,0.9667149059334298,5.927757455875615,0.0012202053223292744
D,2,D2,448,a,0.5,FALSE,FALSE,NA,NA,oae-43,oae,NA,NA,NA,11306,oae-43,216,2.074074074074074,oae-43,167,0.9667149059334298,1.1073591681406443,9.794438069526307e-5
D,3,D3,253,a,0.5,FALSE,FALSE,NA,NA,c-21,control,NA,NA,NA,5712,c-21,191,1.324607329842932,c-21,167,0.9667149059334298,0.35789242390950216,6.265623667883441e-5
D,4,D4,309,a,0.5,FALSE,FALSE,NA,NA,c-45,control,NA,NA,NA,9250,c-45,203,1.522167487684729,c-45,167,0.9667149059334298,0.5554525817512993,6.0048927756897225e-5
D,5,D5,2301,a,0.5,FALSE,FALSE,NA,NA,oae-23,oae,NA,NA,NA,6924,oae-23,245,9.391836734693877,oae-23,167,0.9667149059334298,8.425121828760448,0.0012167998019584703
A,1,A1,536,a,1,FALSE,FALSE,NA,NA,c-01,control,NA,NA,NA,7395,c-01,202,2.6534653465346536,c-01,169,0.9782923299565847,1.675173016578069,2.2652779128844747e-4
A,2,A2,659,a,1,FALSE,FALSE,NA,NA,c-25,control,NA,NA,NA,7340,c-25,195,3.3794871794871795,c-25,169,0.9782923299565847,2.4011948495305946,3.271382628788276e-4
A,3,A3,3986,a,1,FALSE,FALSE,NA,NA,oae-03,oae,NA,NA,NA,6008,oae-03,244,16.33606557377049,oae-03,169,0.9782923299565847,15.357773243813906,0.002556220579862501
A,4,A4,4424,a,1,FALSE,FALSE,NA,NA,oae-27,oae,NA,NA,NA,8749,oae-27,211,20.966824644549764,oae-27,169,0.9782923299565847,19.98853231459318,0.0022846647976446656
A,5,A5,750,a,1,FALSE,FALSE,NA,NA,c-05,control,NA,NA,NA,8809,c-05,178,4.213483146067416,c-05,169,0.9782923299565847,3.2351908161108316,3.6725971348743687e-4
A,6,A6,907,a,1,FALSE,FALSE,NA,NA,c-29,control,NA,NA,NA,9055,c-29,222,4.085585585585585,c-29,169,0.9782923299565847,3.107293255629001,3.431577311572613e-4
B,1,B1,469,a,1,FALSE,FALSE,NA,NA,oae-07,oae,NA,NA,NA,5072,oae-07,204,2.299019607843137,oae-07,169,0.9782923299565847,1.3207272778865524,2.603957566811026e-4
B,2,B2,1203,a,1,FALSE,FALSE,NA,NA,oae-31,oae,NA,NA,NA,5397,oae-31,187,6.433155080213904,oae-31,169,0.9782923299565847,5.45486275025732,0.0010107212803886084
B,3,B3,649,a,1,FALSE,FALSE,NA,NA,c-09,control,NA,NA,NA,9991,c-09,232,2.7974137931034484,c-09,169,0.9782923299565847,1.8191214631468637,1.8207601472794153e-4
B,4,B4,3526,a,1,FALSE,FALSE,NA,NA,c-33,control,NA,NA,NA,9702,c-33,207,17.033816425120772,c-33,169,0.9782923299565847,16.055524095164188,0.0016548674598190257
B,5,B5,435,a,1,FALSE,FALSE,NA,NA,oae-11,oae,NA,NA,NA,6478,oae-11,205,2.1219512195121952,oae-11,169,0.9782923299565847,1.1436588895556106,1.7654505859148047e-4
B,6,B6,582,a,1,FALSE,FALSE,NA,NA,oae-35,oae,NA,NA,NA,3394,oae-35,205,2.8390243902439023,oae-35,169,0.9782923299565847,1.8607320602873176,5.482416205914312e-4
C,1,C1,429,a,1,FALSE,FALSE,NA,NA,c-13,control,NA,NA,NA,8996,c-13,197,2.1776649746192893,c-13,169,0.9782923299565847,1.1993726446627047,1.333228817988778e-4
C,2,C2,390,a,1,FALSE,FALSE,NA,NA,c-37,control,NA,NA,NA,7650,c-37,190,2.0526315789473686,c-37,169,0.9782923299565847,1.074339248990784,1.4043650313605018e-4
C,3,C3,2226,a,1,FALSE,FALSE,NA,NA,oae-15,oae,NA,NA,NA,9695,oae-15,210,10.6,oae-15,169,0.9782923299565847,9.621707670043415,9.924401928874075e-4
C,4,C4,462,a,1,FALSE,FALSE,NA,NA,oae-39,oae,NA,NA,NA,8385,oae-39,189,2.4444444444444446,oae-39,169,0.9782923299565847,1.46615211448786,1.7485415795919618e-4
C,5,C5,546,a,1,FALSE,FALSE,NA,NA,c-17,control,NA,NA,NA,6249,c-17,215,2.5395348837209304,c-17,169,0.9782923299565847,1.5612425537643457,2.4983878280754454e-4
C,6,C6,366,a,1,FALSE,FALSE,NA,NA,c-41,control,NA,NA,NA,7421,c-41,191,1.9162303664921465,c-41,169,0.9782923299565847,0.9379380365355618,1.263897098147907e-4
D,1,D1,2871,a,1,FALSE,FALSE,NA,NA,oae-19,oae,NA,NA,NA,4858,oae-19,199,14.42713567839196,oae-19,169,0.9782923299565847,13.448843348435375,0.002768390973329637
D,2,D2,659,a,1,FALSE,FALSE,NA,NA,oae-43,oae,NA,NA,NA,11306,oae-43,216,3.050925925925926,oae-43,169,0.9782923299565847,2.072633595969341,1.8332156341494262e-4
D,3,D3,319,a,1,FALSE,FALSE,NA,NA,c-21,control,NA,NA,NA,5712,c-21,191,1.6701570680628273,c-21,169,0.9782923299565847,0.6918647381062426,1.2112477908022454e-4
D,4,D4,445,a,1,FALSE,FALSE,NA,NA,c-45,control,NA,NA,NA,9250,c-45,203,2.1921182266009853,c-45,169,0.9782923299565847,1.2138258966444007,1.3122442125885412e-4
D,5,D5,3028,a,1,FALSE,FALSE,NA,NA,oae-23,oae,NA,NA,NA,6924,oae-23,245,12.359183673469389,oae-23,169,0.9782923299565847,11.380891343512804,0.0016436873690804166
A,1,A1,693,a,1.5,FALSE,FALSE,NA,NA,c-01,control,NA,NA,NA,7395,c-01,202,3.4306930693069306,c-01,171,0.9898697539797395,2.440823315327191,3.3006400477717256e-4
A,2,A2,2251,a,1.5,FALSE,FALSE,NA,NA,c-25,control,NA,NA,NA,7340,c-25,195,11.543589743589743,c-25,171,0.9898697539797395,10.553719989610004,0.0014378365108460496
A,3,A3,3982,a,1.5,FALSE,FALSE,NA,NA,oae-03,oae,NA,NA,NA,6008,oae-03,244,16.31967213114754,oae-03,171,0.9898697539797395,15.329802377167802,0.002551564976226332
A,4,A4,4952,a,1.5,FALSE,FALSE,NA,NA,oae-27,oae,NA,NA,NA,8749,oae-27,211,23.46919431279621,oae-27,171,0.9898697539797395,22.47932455881647,0.0025693593049281598
A,5,A5,1104,a,1.5,FALSE,FALSE,NA,NA,c-05,control,NA,NA,NA,8809,c-05,178,6.202247191011236,c-05,171,0.9898697539797395,5.212377437031496,5.917104594200814e-4
A,6,A6,1555,a,1.5,FALSE,FALSE,NA,NA,c-29,control,NA,NA,NA,9055,c-29,222,7.004504504504505,c-29,171,0.9898697539797395,6.014634750524765,6.64233545060714e-4
B,1,B1,609,a,1.5,FALSE,FALSE,NA,NA,oae-07,oae,NA,NA,NA,5072,oae-07,204,2.985294117647059,oae-07,171,0.9898697539797395,1.9954243636673192,3.934196300605913e-4
B,2,B2,1290,a,1.5,FALSE,FALSE,NA,NA,oae-31,oae,NA,NA,NA,5397,oae-31,187,6.898395721925134,oae-31,171,0.9898697539797395,5.908525967945394,0.001094779686482378
B,3,B3,850,a,1.5,FALSE,FALSE,NA,NA,c-09,control,NA,NA,NA,9991,c-09,232,3.663793103448276,c-09,171,0.9898697539797395,2.673923349468536,2.676332048312017e-4
B,4,B4,3722,a,1.5,FALSE,FALSE,NA,NA,c-33,control,NA,NA,NA,9702,c-33,207,17.980676328502415,c-33,171,0.9898697539797395,16.990806574522676,0.0017512684574853305
B,5,B5,618,a,1.5,FALSE,FALSE,NA,NA,oae-11,oae,NA,NA,NA,6478,oae-11,205,3.0146341463414634,oae-11,171,0.9898697539797395,2.024764392361724,3.12560109966305e-4
B,6,B6,772,a,1.5,FALSE,FALSE,NA,NA,oae-35,oae,NA,NA,NA,3394,oae-35,205,3.765853658536585,oae-35,171,0.9898697539797395,2.7759839045568455,8.179092234993652e-4
C,1,C1,594,a,1.5,FALSE,FALSE,NA,NA,c-13,control,NA,NA,NA,8996,c-13,197,3.015228426395939,c-13,171,0.9898697539797395,2.0253586724161994,2.251399146749888e-4
C,2,C2,532,a,1.5,FALSE,FALSE,NA,NA,c-37,control,NA,NA,NA,7650,c-37,190,2.8,c-37,171,0.9898697539797395,1.8101302460202602,2.366183328131059e-4
C,3,C3,4139,a,1.5,FALSE,FALSE,NA,NA,oae-15,oae,NA,NA,NA,9695,oae-15,210,19.70952380952381,oae-15,171,0.9898697539797395,18.71965405554407,0.0019308565297105795
C,4,C4,696,a,1.5,FALSE,FALSE,NA,NA,oae-39,oae,NA,NA,NA,8385,oae-39,189,3.6825396825396823,oae-39,171,0.9898697539797395,2.6926699285599427,3.211293892140659e-4
C,5,C5,613,a,1.5,FALSE,FALSE,NA,NA,c-17,control,NA,NA,NA,6249,c-17,215,2.8511627906976744,c-17,171,0.9898697539797395,1.8612930367179348,2.978545426016858e-4
C,6,C6,438,a,1.5,FALSE,FALSE,NA,NA,c-41,control,NA,NA,NA,7421,c-41,191,2.2931937172774868,c-41,171,0.9898697539797395,1.3033239632977471,1.7562646049019636e-4
D,1,D1,4348,a,1.5,FALSE,FALSE,NA,NA,oae-19,oae,NA,NA,NA,4858,oae-19,199,21.849246231155778,oae-19,171,0.9898697539797395,20.85937647717604,0.00429381977710499
D,2,D2,873,a,1.5,FALSE,FALSE,NA,NA,oae-43,oae,NA,NA,NA,11306,oae-43,216,4.041666666666667,oae-43,171,0.9898697539797395,3.0517969126869273,2.699271990701333e-4
D,3,D3,419,a,1.5,FALSE,FALSE,NA,NA,c-21,control,NA,NA,NA,5712,c-21,191,2.193717277486911,c-21,171,0.9898697539797395,1.2038475235071715,2.1075761966161965e-4
D,4,D4,509,a,1.5,FALSE,FALSE,NA,NA,c-45,control,NA,NA,NA,9250,c-45,203,2.5073891625615765,c-45,171,0.9898697539797395,1.5175194085818369,1.640561522791175e-4
D,5,D5,3347,a,1.5,FALSE,FALSE,NA,NA,oae-23,oae,NA,NA,NA,6924,oae-23,245,13.661224489795918,oae-23,171,0.9898697539797395,12.671354735816179,0.0018300627868018744
A,1,A1,909,a,2,FALSE,FALSE,NA,NA,c-01,control,NA,NA,NA,7395,c-01,202,4.5,c-01,172,0.9956584659913169,3.504341534008683,4.738798558497205e-4
A,2,A2,6815,a,2,FALSE,FALSE,NA,NA,c-25,control,NA,NA,NA,7340,c-25,195,34.94871794871795,c-25,172,0.9956584659913169,33.95305948272663,0.0046257574227148
A,3,A3,4106,a,2,FALSE,FALSE,NA,NA,oae-03,oae,NA,NA,NA,6008,oae-03,244,16.827868852459016,oae-03,172,0.9956584659913169,15.832210386467699,0.002635188146882107
A,4,A4,5210,a,2,FALSE,FALSE,NA,NA,oae-27,oae,NA,NA,NA,8749,oae-27,211,24.691943127962084,oae-27,172,0.9956584659913169,23.69628466197077,0.0027084563563802453
A,5,A5,1308,a,2,FALSE,FALSE,NA,NA,c-05,control,NA,NA,NA,8809,c-05,178,7.348314606741573,c-05,172,0.9956584659913169,6.3526561407502555,7.211551981780288e-4
A,6,A6,1901,a,2,FALSE,FALSE,NA,NA,c-29,control,NA,NA,NA,9055,c-29,222,8.563063063063064,c-29,172,0.9956584659913169,7.5674045970717465,8.357155822276915e-4
B,1,B1,679,a,2,FALSE,FALSE,NA,NA,oae-07,oae,NA,NA,NA,5072,oae-07,204,3.3284313725490198,oae-07,172,0.9956584659913169,2.332772906557703,4.5993156675033575e-4
B,2,B2,1365,a,2,FALSE,FALSE,NA,NA,oae-31,oae,NA,NA,NA,5397,oae-31,187,7.2994652406417115,oae-31,172,0.9956584659913169,6.303806774650394,0.001168020525227051
B,3,B3,1079,a,2,FALSE,FALSE,NA,NA,c-09,control,NA,NA,NA,9991,c-09,232,4.650862068965517,c-09,172,0.9956584659913169,3.6552036029742,3.658496249598839e-4
B,4,B4,4128,a,2,FALSE,FALSE,NA,NA,c-33,control,NA,NA,NA,9702,c-33,207,19.942028985507246,c-33,172,0.9956584659913169,18.94637051951593,0.0019528314285215348
B,5,B5,713,a,2,FALSE,FALSE,NA,NA,oae-11,oae,NA,NA,NA,6478,oae-11,205,3.478048780487805,oae-11,172,0.9956584659913169,2.482390314496488,3.8320319766849153e-4
B,6,B6,897,a,2,FALSE,FALSE,NA,NA,oae-35,oae,NA,NA,NA,3394,oae-35,205,4.375609756097561,oae-35,172,0.9956584659913169,3.3799512901062445,9.958607218934132e-4
C,1,C1,737,a,2,FALSE,FALSE,NA,NA,c-13,control,NA,NA,NA,8996,c-13,197,3.7411167512690353,c-13,172,0.9956584659913169,2.7454582852777185,3.0518655905710523e-4
C,2,C2,606,a,2,FALSE,FALSE,NA,NA,c-37,control,NA,NA,NA,7650,c-37,190,3.1894736842105265,c-37,172,0.9956584659913169,2.1938152182192097,2.8677323113976595e-4
C,3,C3,4602,a,2,FALSE,FALSE,NA,NA,oae-15,oae,NA,NA,NA,9695,oae-15,210,21.914285714285715,oae-15,172,0.9956584659913169,20.9186272482944,0.0021576717120468693
C,4,C4,901,a,2,FALSE,FALSE,NA,NA,oae-39,oae,NA,NA,NA,8385,oae-39,189,4.767195767195767,oae-39,172,0.9956584659913169,3.7715373012044506,4.497957425407812e-4
C,5,C5,758,a,2,FALSE,FALSE,NA,NA,c-17,control,NA,NA,NA,6249,c-17,215,3.525581395348837,c-17,172,0.9956584659913169,2.5299229293575203,4.048524450884174e-4
C,6,C6,516,a,2,FALSE,FALSE,NA,NA,c-41,control,NA,NA,NA,7421,c-41,191,2.701570680628272,c-41,172,0.9956584659913169,1.7059122146369554,2.2987632591792959e-4
D,1,D1,4409,a,2,FALSE,FALSE,NA,NA,oae-19,oae,NA,NA,NA,4858,oae-19,199,22.155778894472363,oae-19,172,0.9956584659913169,21.160120428481047,0.004355726724677037
D,2,D2,1078,a,2,FALSE,FALSE,NA,NA,oae-43,oae,NA,NA,NA,11306,oae-43,216,4.9907407407407405,oae-43,172,0.9956584659913169,3.9950822747494237,3.5335947945775906e-4
D,3,D3,497,a,2,FALSE,FALSE,NA,NA,c-21,control,NA,NA,NA,5712,c-21,191,2.602094240837696,c-21,172,0.9956584659913169,1.6064357748463793,2.8123875610055663e-4
D,4,D4,628,a,2,FALSE,FALSE,NA,NA,c-45,control,NA,NA,NA,9250,c-45,203,3.0935960591133007,c-45,172,0.9956584659913169,2.097937593121984,2.2680406412129556e-4
D,5,D5,3502,a,2,FALSE,FALSE,NA,NA,oae-23,oae,NA,NA,NA,6924,oae-23,245,14.293877551020408,oae-23,172,0.9956584659913169,13.298219085029091,0.001920597788132451
A,1,A1,1001,a,2.5,FALSE,FALSE,NA,NA,c-01,control,NA,NA,NA,7395,c-01,202,4.955445544554456,c-01,172,0.9956584659913169,3.959787078563139,5.354681647820337e-4
A,2,A2,8254,a,2.5,FALSE,FALSE,NA,NA,c-25,control,NA,NA,NA,7340,c-25,195,42.32820512820513,c-25,172,0.9956584659913169,41.33254666221381,0.005631137147440573
A,3,A3,4206,a,2.5,FALSE,FALSE,NA,NA,oae-03,oae,NA,NA,NA,6008,oae-03,244,17.237704918032787,oae-03,172,0.9956584659913169,16.24204645204147,0.002703403204401044
A,4,A4,5384,a,2.5,FALSE,FALSE,NA,NA,oae-27,oae,NA,NA,NA,8749,oae-27,211,25.51658767772512,oae-27,172,0.9956584659913169,24.520929211733804,0.0028027122198804213
A,5,A5,1352,a,2.5,FALSE,FALSE,NA,NA,c-05,control,NA,NA,NA,8809,c-05,178,7.595505617977528,c-05,172,0.9956584659913169,6.599847151986211,7.492163868754922e-4
A,6,A6,2256,a,2.5,FALSE,FALSE,NA,NA,c-29,control,NA,NA,NA,9055,c-29,222,10.162162162162161,c-29,172,0.9956584659913169,9.166503696170844,0.0010123140470646983
B,1,B1,764,a,2.5,FALSE,FALSE,NA,NA,oae-07,oae,NA,NA,NA,5072,oae-07,204,3.7450980392156863,oae-07,172,0.9956584659913169,2.7494395732243695,5.420819347839845e-4
B,2,B2,1379,a,2.5,FALSE,FALSE,NA,NA,oae-31,oae,NA,NA,NA,5397,oae-31,187,7.374331550802139,oae-31,172,0.9956584659913169,6.3786730848108215,0.0011818923633149568
B,3,B3,1172,a,2.5,FALSE,FALSE,NA,NA,c-09,control,NA,NA,NA,9991,c-09,232,5.051724137931035,c-09,172,0.9956584659913169,4.0560656719397175,4.059719419417193e-4
B,4,B4,5910,a,2.5,FALSE,FALSE,NA,NA,c-33,control,NA,NA,NA,9702,c-33,207,28.55072463768116,c-33,172,0.9956584659913169,27.555066171689845,0.0028401428748391923
B,5,B5,781,a,2.5,FALSE,FALSE,NA,NA,oae-11,oae,NA,NA,NA,6478,oae-11,205,3.8097560975609754,oae-11,172,0.9956584659913169,2.8140976315696586,4.344084025269618e-4
B,6,B6,958,a,2.5,FALSE,FALSE,NA,NA,oae-35,oae,NA,NA,NA,3394,oae-35,205,4.673170731707317,oae-35,172,0.9956584659913169,3.677512265716,0.001083533372338244
C,1,C1,821,a,2.5,FALSE,FALSE,NA,NA,c-13,control,NA,NA,NA,8996,c-13,197,4.16751269035533,c-13,172,0.9956584659913169,3.171854224364013,3.5258495157447896e-4
C,2,C2,655,a,2.5,FALSE,FALSE,NA,NA,c-37,control,NA,NA,NA,7650,c-37,190,3.4473684210526314,c-37,172,0.9956584659913169,2.4517099550613146,3.204849614459235e-4
C,3,C3,4723,a,2.5,FALSE,FALSE,NA,NA,oae-15,oae,NA,NA,NA,9695,oae-15,210,22.49047619047619,oae-15,172,0.9956584659913169,21.494817724484875,0.0022171034269711063
C,4,C4,949,a,2.5,FALSE,FALSE,NA,NA,oae-39,oae,NA,NA,NA,8385,oae-39,189,5.021164021164021,oae-39,172,0.9956584659913169,4.025505555172704,4.800841449222068e-4
C,5,C5,830,a,2.5,FALSE,FALSE,NA,NA,c-17,control,NA,NA,NA,6249,c-17,215,3.86046511627907,c-17,172,0.9956584659913169,2.864806650287753,4.584424148324137e-4
C,6,C6,538,a,2.5,FALSE,FALSE,NA,NA,c-41,control,NA,NA,NA,7421,c-41,191,2.816753926701571,c-41,172,0.9956584659913169,1.821095460710254,2.45397582631755e-4
D,1,D1,4464,a,2.5,FALSE,FALSE,NA,NA,oae-19,oae,NA,NA,NA,4858,oae-19,199,22.4321608040201,oae-19,172,0.9956584659913169,21.436502338028784,0.0044126188427395605
D,2,D2,1262,a,2.5,FALSE,FALSE,NA,NA,oae-43,oae,NA,NA,NA,11306,oae-43,216,5.842592592592593,oae-43,172,0.9956584659913169,4.846934126601275,4.287045928357753e-4
D,3,D3,597,a,2.5,FALSE,FALSE,NA,NA,c-21,control,NA,NA,NA,5712,c-21,191,3.1256544502617802,c-21,172,0.9956584659913169,2.1299959842704634,3.728984566299831e-4
D,4,D4,740,a,2.5,FALSE,FALSE,NA,NA,c-45,control,NA,NA,NA,9250,c-45,203,3.645320197044335,c-45,172,0.9956584659913169,2.649661731053018,2.8644991687059657e-4
D,5,D5,3917,a,2.5,FALSE,FALSE,NA,NA,oae-23,oae,NA,NA,NA,6924,oae-23,245,15.987755102040817,oae-23,172,0.9956584659913169,14.9920966360495,0.0021652363714687317
A,1,A1,1086,a,3,FALSE,FALSE,NA,NA,c-01,control,NA,NA,NA,7395,c-01,202,5.376237623762377,c-01,173,1.0014471780028944,4.374790445759482,5.915876194400922e-4
A,2,A2,8740,a,3,FALSE,FALSE,NA,NA,c-25,control,NA,NA,NA,7340,c-25,195,44.82051282051282,c-25,173,1.0014471780028944,43.819065642509926,0.005969899951295631
A,3,A3,4431,a,3,FALSE,FALSE,NA,NA,oae-03,oae,NA,NA,NA,6008,oae-03,244,18.15983606557377,oae-03,173,1.0014471780028944,17.158388887570876,0.002855923583150945
A,4,A4,6482,a,3,FALSE,FALSE,NA,NA,oae-27,oae,NA,NA,NA,8749,oae-27,211,30.72037914691943,oae-27,173,1.0014471780028944,29.718931968916536,0.003396837577885077
A,5,A5,1456,a,3,FALSE,FALSE,NA,NA,c-05,control,NA,NA,NA,8809,c-05,178,8.179775280898877,c-05,173,1.0014471780028944,7.178328102895982,8.148856967755683e-4
A,6,A6,2410,a,3,FALSE,FALSE,NA,NA,c-29,control,NA,NA,NA,9055,c-29,222,10.855855855855856,c-29,173,1.0014471780028944,9.85440867785296,0.0010882836750803933
B,1,B1,842,a,3,FALSE,FALSE,NA,NA,oae-07,oae,NA,NA,NA,5072,oae-07,204,4.127450980392157,oae-07,173,1.0014471780028944,3.126003802389263,6.163256708180723e-4
B,2,B2,1445,a,3,FALSE,FALSE,NA,NA,oae-31,oae,NA,NA,NA,5397,oae-31,187,7.7272727272727275,oae-31,173,1.0014471780028944,6.725825549269834,0.001246215591860262
B,3,B3,1307,a,3,FALSE,FALSE,NA,NA,c-09,control,NA,NA,NA,9991,c-09,232,5.633620689655173,c-09,173,1.0014471780028944,4.632173511652278,4.6363462232532055e-4
B,4,B4,6641,a,3,FALSE,FALSE,NA,NA,c-33,control,NA,NA,NA,9702,c-33,207,32.08212560386473,c-33,173,1.0014471780028944,31.080678425861837,0.0032035331298558892
B,5,B5,865,a,3,FALSE,FALSE,NA,NA,oae-11,oae,NA,NA,NA,6478,oae-11,205,4.219512195121951,oae-11,173,1.0014471780028944,3.218065017119057,4.967682953255722e-4
B,6,B6,1083,a,3,FALSE,FALSE,NA,NA,oae-35,oae,NA,NA,NA,3394,oae-35,205,5.282926829268293,oae-35,173,1.0014471780028944,4.281479651265398,0.0012614848707322918
C,1,C1,912,a,3,FALSE,FALSE,NA,NA,c-13,control,NA,NA,NA,8996,c-13,197,4.629441624365482,c-13,173,1.0014471780028944,3.6279944463625875,4.032897339220306e-4
C,2,C2,732,a,3,FALSE,FALSE,NA,NA,c-37,control,NA,NA,NA,7650,c-37,190,3.8526315789473684,c-37,173,1.0014471780028944,2.851184400944474,3.7270384326071554e-4
C,3,C3,4909,a,3,FALSE,FALSE,NA,NA,oae-15,oae,NA,NA,NA,9695,oae-15,210,23.376190476190477,oae-15,173,1.0014471780028944,22.374743298187582,0.0023078641875386883
C,4,C4,1086,a,3,FALSE,FALSE,NA,NA,oae-39,oae,NA,NA,NA,8385,oae-39,189,5.746031746031746,oae-39,173,1.0014471780028944,4.744584568028852,5.658419282085691e-4
C,5,C5,935,a,3,FALSE,FALSE,NA,NA,c-17,control,NA,NA,NA,6249,c-17,215,4.348837209302325,c-17,173,1.0014471780028944,3.347390031299431,5.356681119058139e-4
C,6,C6,594,a,3,FALSE,FALSE,NA,NA,c-41,control,NA,NA,NA,7421,c-41,191,3.1099476439790577,c-41,173,1.0014471780028944,2.1085004659761633,2.841261913456627e-4
D,1,D1,4810,a,3,FALSE,FALSE,NA,NA,oae-19,oae,NA,NA,NA,4858,oae-19,199,24.170854271356784,oae-19,173,1.0014471780028944,23.16940709335389,0.004769330402090138
D,2,D2,1369,a,3,FALSE,FALSE,NA,NA,oae-43,oae,NA,NA,NA,11306,oae-43,216,6.337962962962963,oae-43,173,1.0014471780028944,5.336515784960069,4.720074106633707e-4
D,3,D3,684,a,3,FALSE,FALSE,NA,NA,c-21,control,NA,NA,NA,5712,c-21,191,3.581151832460733,c-21,173,1.0014471780028944,2.5797046544578386,4.516289661165684e-4
D,4,D4,870,a,3,FALSE,FALSE,NA,NA,c-45,control,NA,NA,NA,9250,c-45,203,4.285714285714286,c-45,173,1.0014471780028944,3.284267107711391,3.550559035363666e-4
D,5,D5,4343,a,3,FALSE,FALSE,NA,NA,oae-23,oae,NA,NA,NA,6924,oae-23,245,17.726530612244897,oae-23,173,1.0014471780028944,16.725083434242002,0.002415523315170711
A,2,A2,197,b,0,FALSE,FALSE,NA,NA,c-02,control,NA,NA,NA,7369,c-02,197,1,c-02,161,0.9319826338639653,0.06801736613603471,9.230203031080839e-6
A,3,A3,228,b,0,FALSE,FALSE,NA,NA,c-26,control,NA,NA,NA,10666,c-26,228,1,c-26,161,0.9319826338639653,0.06801736613603471,6.377026639418217e-6
A,4,A4,198,b,0,FALSE,FALSE,NA,NA,oae-04,oae,NA,NA,NA,6553,oae-04,198,1,oae-04,161,0.9319826338639653,0.06801736613603471,1.0379576703194675e-5
A,5,A5,211,b,0,FALSE,FALSE,NA,NA,oae-28,oae,NA,NA,NA,9574,oae-28,211,1,oae-28,161,0.9319826338639653,0.06801736613603471,7.104383344060446e-6
A,6,A6,211,b,0,FALSE,FALSE,NA,NA,c-06,control,NA,NA,NA,7654,c-06,211,1,c-06,161,0.9319826338639653,0.06801736613603471,8.88651242958384e-6
B,1,B1,191,b,0,FALSE,FALSE,NA,NA,c-30,control,NA,NA,NA,4853,c-30,191,1,c-30,161,0.9319826338639653,0.06801736613603471,1.4015529803427716e-5
B,2,B2,196,b,0,FALSE,FALSE,NA,NA,oae-08,oae,NA,NA,NA,8099,oae-08,196,1,oae-08,161,0.9319826338639653,0.06801736613603471,8.398242515870441e-6
B,3,B3,203,b,0,FALSE,FALSE,NA,NA,oae-32,oae,NA,NA,NA,6072,oae-32,203,1,oae-32,161,0.9319826338639653,0.06801736613603471,1.1201806017133516e-5
B,4,B4,209,b,0,FALSE,FALSE,NA,NA,c-10,control,NA,NA,NA,8082,c-10,209,1,c-10,161,0.9319826338639653,0.06801736613603471,8.415907712946635e-6
B,5,B5,188,b,0,FALSE,FALSE,NA,NA,c-34,control,NA,NA,NA,4239,c-34,188,1,c-34,161,0.9319826338639653,0.06801736613603471,1.6045615979248575e-5
B,6,B6,210,b,0,FALSE,FALSE,NA,NA,oae-12,oae,NA,NA,NA,8288,oae-12,210,1,oae-12,161,0.9319826338639653,0.06801736613603471,8.206728539579476e-6
C,1,C1,206,b,0,FALSE,FALSE,NA,NA,oae-36,oae,NA,NA,NA,7555,oae-36,206,1,oae-36,161,0.9319826338639653,0.06801736613603471,9.002960441566474e-6
C,2,C2,204,b,0,FALSE,FALSE,NA,NA,c-14,control,NA,NA,NA,7825,c-14,204,1,c-14,161,0.9319826338639653,0.06801736613603471,8.692315161154595e-6
C,3,C3,200,b,0,FALSE,FALSE,NA,NA,c-38,control,NA,NA,NA,7657,c-38,200,1,c-38,161,0.9319826338639653,0.06801736613603471,8.883030708637157e-6
C,4,C4,193,b,0,FALSE,FALSE,NA,NA,oae-16,oae,NA,NA,NA,7189,oae-16,193,1,oae-16,161,0.9319826338639653,0.06801736613603471,9.461311188765435e-6
C,5,C5,242,b,0,FALSE,FALSE,NA,NA,oae-40,oae,NA,NA,NA,10788,oae-40,242,1,oae-40,161,0.9319826338639653,0.06801736613603471,6.304909727107407e-6
C,6,C6,199,b,0,FALSE,FALSE,NA,NA,c-18,control,NA,NA,NA,8006,c-18,199,1,c-18,161,0.9319826338639653,0.06801736613603471,8.495798917815976e-6
D,1,D1,228,b,0,FALSE,FALSE,NA,NA,c-42,control,NA,NA,NA,8679,c-42,228,1,c-42,161,0.9319826338639653,0.06801736613603471,7.837004970161852e-6
D,2,D2,192,b,0,FALSE,FALSE,NA,NA,oae-20,oae,NA,NA,NA,4760,oae-20,192,1,oae-20,161,0.9319826338639653,0.06801736613603471,1.4289362633620736e-5
D,3,D3,217,b,0,FALSE,FALSE,NA,NA,oae-44,oae,NA,NA,NA,4560,oae-44,217,1,oae-44,161,0.9319826338639653,0.06801736613603471,1.4916089064919893e-5
D,4,D4,188,b,0,FALSE,FALSE,NA,NA,c-22,control,NA,NA,NA,7051,c-22,188,1,c-22,161,0.9319826338639653,0.06801736613603471,9.646485056876288e-6
D,5,D5,192,b,0,FALSE,FALSE,NA,NA,c-46,control,NA,NA,NA,7413,c-46,192,1,c-46,161,0.9319826338639653,0.06801736613603471,9.175416988538338e-6
D,6,D6,285,b,0,FALSE,FALSE,NA,NA,oae-24,oae,NA,NA,NA,7422,oae-24,285,1,oae-24,161,0.9319826338639653,0.06801736613603471,9.164290775536877e-6
A,2,A2,270,b,0.5,FALSE,FALSE,NA,NA,c-02,control,NA,NA,NA,7369,c-02,197,1.3705583756345177,c-02,165,0.9551374819102749,0.41542089372424273,5.637412046739622e-5
A,3,A3,431,b,0.5,FALSE,FALSE,NA,NA,c-26,control,NA,NA,NA,10666,c-26,228,1.8903508771929824,c-26,165,0.9551374819102749,0.9352133952827075,8.76817359162486e-5
A,4,A4,333,b,0.5,FALSE,FALSE,NA,NA,oae-04,oae,NA,NA,NA,6553,oae-04,198,1.6818181818181819,oae-04,165,0.9551374819102749,0.726680699907907,1.1089282769844453e-4
A,5,A5,360,b,0.5,FALSE,FALSE,NA,NA,oae-28,oae,NA,NA,NA,9574,oae-28,211,1.7061611374407584,oae-28,165,0.9551374819102749,0.7510236555304834,7.84440835105999e-5
A,6,A6,356,b,0.5,FALSE,FALSE,NA,NA,c-06,control,NA,NA,NA,7654,c-06,211,1.6872037914691944,c-06,165,0.9551374819102749,0.7320663095589195,9.564493200403965e-5
B,1,B1,303,b,0.5,FALSE,FALSE,NA,NA,c-30,control,NA,NA,NA,4853,c-30,191,1.5863874345549738,c-30,165,0.9551374819102749,0.6312499526446989,1.300741711610754e-4
B,2,B2,400,b,0.5,FALSE,FALSE,NA,NA,oae-08,oae,NA,NA,NA,8099,oae-08,196,2.0408163265306123,oae-08,165,0.9551374819102749,1.0856788446203374,1.3405097476482743e-4
B,3,B3,348,b,0.5,FALSE,FALSE,NA,NA,oae-32,oae,NA,NA,NA,6072,oae-32,203,1.7142857142857142,oae-32,165,0.9551374819102749,0.7591482323754393,1.2502441244654797e-4
B,4,B4,284,b,0.5,FALSE,FALSE,NA,NA,c-10,control,NA,NA,NA,8082,c-10,209,1.3588516746411483,c-10,165,0.9551374819102749,0.4037141927308734,4.9952263391595324e-5
B,5,B5,1125,b,0.5,FALSE,FALSE,NA,NA,c-34,control,NA,NA,NA,4239,c-34,188,5.98404255319149,c-34,165,0.9551374819102749,5.028905071281215,0.0011863423145272976
B,6,B6,364,b,0.5,FALSE,FALSE,NA,NA,oae-12,oae,NA,NA,NA,8288,oae-12,210,1.7333333333333334,oae-12,165,0.9551374819102749,0.7781958514230585,9.389428709255049e-5
C,1,C1,331,b,0.5,FALSE,FALSE,NA,NA,oae-36,oae,NA,NA,NA,7555,oae-36,206,1.6067961165048543,oae-36,165,0.9551374819102749,0.6516586345945794,8.6255279231579e-5
C,2,C2,277,b,0.5,FALSE,FALSE,NA,NA,c-14,control,NA,NA,NA,7825,c-14,204,1.357843137254902,c-14,165,0.9551374819102749,0.4027056553446271,5.146398151369036e-5
C,3,C3,290,b,0.5,FALSE,FALSE,NA,NA,c-38,control,NA,NA,NA,7657,c-38,200,1.45,c-38,165,0.9551374819102749,0.49486251808972503,6.462877342166972e-5
C,4,C4,1018,b,0.5,FALSE,FALSE,NA,NA,oae-16,oae,NA,NA,NA,7189,oae-16,193,5.274611398963731,oae-16,165,0.9551374819102749,4.319473917053456,6.008448903955287e-4
C,5,C5,4107,b,0.5,FALSE,FALSE,NA,NA,oae-40,oae,NA,NA,NA,10788,oae-40,242,16.97107438016529,oae-40,165,0.9551374819102749,16.015936898255017,0.0014846066831901202
C,6,C6,345,b,0.5,FALSE,FALSE,NA,NA,c-18,control,NA,NA,NA,8006,c-18,199,1.7336683417085428,c-18,165,0.9551374819102749,0.7785308597982679,9.72434249061039e-5
D,1,D1,465,b,0.5,FALSE,FALSE,NA,NA,c-42,control,NA,NA,NA,8679,c-42,228,2.039473684210526,c-42,165,0.9551374819102749,1.0843362023002512,1.2493791938014185e-4
D,2,D2,659,b,0.5,FALSE,FALSE,NA,NA,oae-20,oae,NA,NA,NA,4760,oae-20,192,3.4322916666666665,oae-20,165,0.9551374819102749,2.4771541847563916,5.204105430160487e-4
D,3,D3,345,b,0.5,FALSE,FALSE,NA,NA,oae-44,oae,NA,NA,NA,4560,oae-44,217,1.5898617511520738,oae-44,165,0.9551374819102749,0.6347242692417989,1.3919391869337695e-4
D,4,D4,329,b,0.5,FALSE,FALSE,NA,NA,c-22,control,NA,NA,NA,7051,c-22,188,1.75,c-22,165,0.9551374819102749,0.7948625180897251,1.1273046632955964e-4
D,5,D5,305,b,0.5,FALSE,FALSE,NA,NA,c-46,control,NA,NA,NA,7413,c-46,192,1.5885416666666667,c-46,165,0.9551374819102749,0.6334041847563918,8.544505392639847e-5
D,6,D6,388,b,0.5,FALSE,FALSE,NA,NA,oae-24,oae,NA,NA,NA,7422,oae-24,285,1.3614035087719298,oae-24,165,0.9551374819102749,0.4062660268616549,5.4738079609492714e-5
A,2,A2,413,b,1,FALSE,FALSE,NA,NA,c-02,control,NA,NA,NA,7369,c-02,197,2.0964467005076144,c-02,165,0.9551374819102749,1.1413092185973395,1.5487979625421896e-4
A,3,A3,647,b,1,FALSE,FALSE,NA,NA,c-26,control,NA,NA,NA,10666,c-26,228,2.837719298245614,c-26,165,0.9551374819102749,1.882581816335339,1.7650307672373327e-4
A,4,A4,473,b,1,FALSE,FALSE,NA,NA,oae-04,oae,NA,NA,NA,6553,oae-04,198,2.388888888888889,oae-04,165,0.9551374819102749,1.433751406978614,2.1879313398117105e-4
A,5,A5,529,b,1,FALSE,FALSE,NA,NA,oae-28,oae,NA,NA,NA,9574,oae-28,211,2.5071090047393363,oae-28,165,0.9551374819102749,1.5519715228290614,1.6210272851776284e-4
A,6,A6,538,b,1,FALSE,FALSE,NA,NA,c-06,control,NA,NA,NA,7654,c-06,211,2.5497630331753554,c-06,165,0.9551374819102749,1.5946255512650804,2.0833884913314352e-4
B,1,B1,430,b,1,FALSE,FALSE,NA,NA,c-30,control,NA,NA,NA,4853,c-30,191,2.25130890052356,c-30,165,0.9551374819102749,1.296171418613285,2.6708663066418405e-4
B,2,B2,588,b,1,FALSE,FALSE,NA,NA,oae-08,oae,NA,NA,NA,8099,oae-08,196,3,oae-08,165,0.9551374819102749,2.044862518089725,2.5248333350904125e-4
B,3,B3,597,b,1,FALSE,FALSE,NA,NA,oae-32,oae,NA,NA,NA,6072,oae-32,203,2.9408866995073892,oae-32,165,0.9551374819102749,1.9857492175971143,3.2703379736447865e-4
B,4,B4,400,b,1,FALSE,FALSE,NA,NA,c-10,control,NA,NA,NA,8082,c-10,209,1.9138755980861244,c-10,165,0.9551374819102749,0.9587381161758495,1.1862634449094896e-4
B,5,B5,1380,b,1,FALSE,FALSE,NA,NA,c-34,control,NA,NA,NA,4239,c-34,188,7.340425531914893,c-34,165,0.9551374819102749,6.385288050004618,0.001506319426752682
B,6,B6,631,b,1,FALSE,FALSE,NA,NA,oae-12,oae,NA,NA,NA,8288,oae-12,210,3.0047619047619047,oae-12,165,0.9551374819102749,2.04962442285163,2.47300244069936e-4
C,1,C1,471,b,1,FALSE,FALSE,NA,NA,oae-36,oae,NA,NA,NA,7555,oae-36,206,2.2864077669902914,oae-36,165,0.9551374819102749,1.3312702850800164,1.7621049438517757e-4
C,2,C2,324,b,1,FALSE,FALSE,NA,NA,c-14,control,NA,NA,NA,7825,c-14,204,1.588235294117647,c-14,165,0.9551374819102749,0.633097812207372,8.09070686526993e-5
C,3,C3,413,b,1,FALSE,FALSE,NA,NA,c-38,control,NA,NA,NA,7657,c-38,200,2.065,c-38,165,0.9551374819102749,1.109862518089725,1.4494743608328654e-4
C,4,C4,2795,b,1,FALSE,FALSE,NA,NA,oae-16,oae,NA,NA,NA,7189,oae-16,193,14.481865284974093,oae-16,165,0.9551374819102749,13.526727803063817,0.0018815868414332755
C,5,C5,4996,b,1,FALSE,FALSE,NA,NA,oae-40,oae,NA,NA,NA,10788,oae-40,242,20.644628099173552,oae-40,165,0.9551374819102749,19.689490617263278,0.0018251289040844714
C,6,C6,527,b,1,FALSE,FALSE,NA,NA,c-18,control,NA,NA,NA,8006,c-18,199,2.648241206030151,c-18,165,0.9551374819102749,1.6931037241198759,2.1147935599798599e-4
D,1,D1,720,b,1,FALSE,FALSE,NA,NA,c-42,control,NA,NA,NA,8679,c-42,228,3.1578947368421053,c-42,165,0.9551374819102749,2.2027572549318304,2.5380311728676465e-4
D,2,D2,2502,b,1,FALSE,FALSE,NA,NA,oae-20,oae,NA,NA,NA,4760,oae-20,192,13.03125,oae-20,165,0.9551374819102749,12.076112518089726,0.0025369984281701104
D,3,D3,506,b,1,FALSE,FALSE,NA,NA,oae-44,oae,NA,NA,NA,4560,oae-44,217,2.3317972350230414,oae-44,165,0.9551374819102749,1.3766597531127664,3.0189906866508035e-4
D,4,D4,425,b,1,FALSE,FALSE,NA,NA,c-22,control,NA,NA,NA,7051,c-22,188,2.2606382978723403,c-22,165,0.9551374819102749,1.3055008159620654,1.8515115812821803e-4
D,5,D5,433,b,1,FALSE,FALSE,NA,NA,c-46,control,NA,NA,NA,7413,c-46,192,2.2552083333333335,c-46,165,0.9551374819102749,1.3000708514230586,1.753771551899445e-4
D,6,D6,524,b,1,FALSE,FALSE,NA,NA,oae-24,oae,NA,NA,NA,7422,oae-24,285,1.8385964912280701,oae-24,165,0.9551374819102749,0.8834590093177952,1.1903247228749599e-4
A,2,A2,494,b,1.5,FALSE,FALSE,NA,NA,c-02,control,NA,NA,NA,7369,c-02,197,2.5076142131979697,c-02,168,0.9725036179450073,1.5351105952529625,2.083200699216939e-4
A,3,A3,850,b,1.5,FALSE,FALSE,NA,NA,c-26,control,NA,NA,NA,10666,c-26,228,3.7280701754385963,c-26,168,0.9725036179450073,2.755566557493589,2.5835051167200345e-4
A,4,A4,615,b,1.5,FALSE,FALSE,NA,NA,oae-04,oae,NA,NA,NA,6553,oae-04,198,3.106060606060606,oae-04,168,0.9725036179450073,2.1335569881155987,3.255847685206163e-4
A,5,A5,693,b,1.5,FALSE,FALSE,NA,NA,oae-28,oae,NA,NA,NA,9574,oae-28,211,3.2843601895734595,oae-28,168,0.9725036179450073,2.3118565716284523,2.4147238057535536e-4
A,6,A6,681,b,1.5,FALSE,FALSE,NA,NA,c-06,control,NA,NA,NA,7654,c-06,211,3.227488151658768,c-06,168,0.9725036179450073,2.2549845337137606,2.9461517294405027e-4
B,1,B1,555,b,1.5,FALSE,FALSE,NA,NA,c-30,control,NA,NA,NA,4853,c-30,191,2.905759162303665,c-30,168,0.9725036179450073,1.9332555443586577,3.98362980498384e-4
B,2,B2,885,b,1.5,FALSE,FALSE,NA,NA,oae-08,oae,NA,NA,NA,8099,oae-08,196,4.51530612244898,oae-08,168,0.9725036179450073,3.5428025045039724,4.374370298189866e-4
B,3,B3,815,b,1.5,FALSE,FALSE,NA,NA,oae-32,oae,NA,NA,NA,6072,oae-32,203,4.014778325123153,oae-32,168,0.9725036179450073,3.0422747071781457,5.010333839226195e-4
B,4,B4,563,b,1.5,FALSE,FALSE,NA,NA,c-10,control,NA,NA,NA,8082,c-10,209,2.6937799043062203,c-10,168,0.9725036179450073,1.721276286361213,2.1297652639955616e-4
B,5,B5,1444,b,1.5,FALSE,FALSE,NA,NA,c-34,control,NA,NA,NA,4239,c-34,188,7.680851063829787,c-34,168,0.9725036179450073,6.70834744588478,0.0015825306548442508
B,6,B6,820,b,1.5,FALSE,FALSE,NA,NA,oae-12,oae,NA,NA,NA,8288,oae-12,210,3.9047619047619047,oae-12,168,0.9725036179450073,2.9322582868168974,3.53795642714394e-4
C,1,C1,610,b,1.5,FALSE,FALSE,NA,NA,oae-36,oae,NA,NA,NA,7555,oae-36,206,2.9611650485436893,oae-36,168,0.9725036179450073,1.988661430598682,2.6322454408983216e-4
C,2,C2,469,b,1.5,FALSE,FALSE,NA,NA,c-14,control,NA,NA,NA,7825,c-14,204,2.299019607843137,c-14,168,0.9725036179450073,1.3265159898981298,1.6952281021062363e-4
C,3,C3,543,b,1.5,FALSE,FALSE,NA,NA,c-38,control,NA,NA,NA,7657,c-38,200,2.715,c-38,168,0.9725036179450073,1.7424963820549926,2.2756907170628086e-4
C,4,C4,2863,b,1.5,FALSE,FALSE,NA,NA,oae-16,oae,NA,NA,NA,7189,oae-16,193,14.83419689119171,oae-16,168,0.9725036179450073,13.861693273246702,0.0019281810089368065
C,5,C5,5149,b,1.5,FALSE,FALSE,NA,NA,oae-40,oae,NA,NA,NA,10788,oae-40,242,21.276859504132233,oae-40,168,0.9725036179450073,20.304355886187224,0.0018821242015375625
C,6,C6,667,b,1.5,FALSE,FALSE,NA,NA,c-18,control,NA,NA,NA,8006,c-18,199,3.351758793969849,c-18,168,0.9725036179450073,2.379255176024842,2.97184008996358e-4
D,1,D1,928,b,1.5,FALSE,FALSE,NA,NA,c-42,control,NA,NA,NA,8679,c-42,228,4.0701754385964914,c-42,168,0.9725036179450073,3.097671820651484,3.569157530419961e-4
D,2,D2,2589,b,1.5,FALSE,FALSE,NA,NA,oae-20,oae,NA,NA,NA,4760,oae-20,192,13.484375,oae-20,168,0.9725036179450073,12.511871382054993,0.0026285444079947465
D,3,D3,616,b,1.5,FALSE,FALSE,NA,NA,oae-44,oae,NA,NA,NA,4560,oae-44,217,2.838709677419355,oae-44,168,0.9725036179450073,1.8662060594743477,4.0925571479700606e-4
D,4,D4,594,b,1.5,FALSE,FALSE,NA,NA,c-22,control,NA,NA,NA,7051,c-22,188,3.1595744680851063,c-22,168,0.9725036179450073,2.187070850140099,3.1017881862715915e-4
D,5,D5,575,b,1.5,FALSE,FALSE,NA,NA,c-46,control,NA,NA,NA,7413,c-46,192,2.9947916666666665,c-46,168,0.9725036179450073,2.0222880487216592,2.728029203725427e-4
D,6,D6,658,b,1.5,FALSE,FALSE,NA,NA,oae-24,oae,NA,NA,NA,7422,oae-24,285,2.3087719298245615,oae-24,168,0.9725036179450073,1.3362683118795542,1.8004154026940908e-4
A,2,A2,610,b,2,FALSE,FALSE,NA,NA,c-02,control,NA,NA,NA,7369,c-02,197,3.0964467005076144,c-02,168,0.9725036179450073,2.123943082562607,2.8822677195855707e-4
A,3,A3,1031,b,2,FALSE,FALSE,NA,NA,c-26,control,NA,NA,NA,10666,c-26,228,4.521929824561403,c-26,168,0.9725036179450073,3.549426206616396,3.3277950558938644e-4
A,4,A4,723,b,2,FALSE,FALSE,NA,NA,oae-04,oae,NA,NA,NA,6553,oae-04,198,3.6515151515151514,oae-04,168,0.9725036179450073,2.679011533570144,4.0882214765300537e-4
A,5,A5,831,b,2,FALSE,FALSE,NA,NA,oae-28,oae,NA,NA,NA,9574,oae-28,211,3.938388625592417,oae-28,168,0.9725036179450073,2.96588500764741,3.09785356971737e-4
A,6,A6,762,b,2,FALSE,FALSE,NA,NA,c-06,control,NA,NA,NA,7654,c-06,211,3.6113744075829386,c-06,168,0.9725036179450073,2.6388707896379313,3.447701580399701e-4
B,1,B1,664,b,2,FALSE,FALSE,NA,NA,c-30,control,NA,NA,NA,4853,c-30,191,3.4764397905759163,c-30,168,0.9725036179450073,2.503936172630909,5.159563512530206e-4
B,2,B2,1106,b,2,FALSE,FALSE,NA,NA,oae-08,oae,NA,NA,NA,8099,oae-08,196,5.642857142857143,oae-08,168,0.9725036179450073,4.6703535249121355,5.766580472789401e-4
B,3,B3,1011,b,2,FALSE,FALSE,NA,NA,oae-32,oae,NA,NA,NA,6072,oae-32,203,4.980295566502463,oae-32,168,0.9725036179450073,4.007791948557456,6.600447873118339e-4
B,4,B4,690,b,2,FALSE,FALSE,NA,NA,c-10,control,NA,NA,NA,8082,c-10,209,3.3014354066985647,c-10,168,0.9725036179450073,2.3289317887535574,2.8816280484453814e-4
B,5,B5,1469,b,2,FALSE,FALSE,NA,NA,c-34,control,NA,NA,NA,4239,c-34,188,7.8138297872340425,c-34,168,0.9725036179450073,6.841326169289035,0.0016139009599643866
B,6,B6,1009,b,2,FALSE,FALSE,NA,NA,oae-12,oae,NA,NA,NA,8288,oae-12,210,4.804761904761905,oae-12,168,0.9725036179450073,3.8322582868168973,4.623863763051276e-4
C,1,C1,825,b,2,FALSE,FALSE,NA,NA,oae-36,oae,NA,NA,NA,7555,oae-36,206,4.004854368932039,oae-36,168,0.9725036179450073,3.0323507509870313,4.013700530757156e-4
C,2,C2,582,b,2,FALSE,FALSE,NA,NA,c-14,control,NA,NA,NA,7825,c-14,204,2.8529411764705883,c-14,168,0.9725036179450073,1.880437558525581,2.4031150907675156e-4
C,3,C3,646,b,2,FALSE,FALSE,NA,NA,c-38,control,NA,NA,NA,7657,c-38,200,3.23,c-38,168,0.9725036179450073,2.2574963820549927,2.948277892196673e-4
C,4,C4,2919,b,2,FALSE,FALSE,NA,NA,oae-16,oae,NA,NA,NA,7189,oae-16,193,15.124352331606218,oae-16,168,0.9725036179450073,14.151848713661211,0.0019685420383448618
C,5,C5,5273,b,2,FALSE,FALSE,NA,NA,oae-40,oae,NA,NA,NA,10788,oae-40,242,21.789256198347108,oae-40,168,0.9725036179450073,20.8167525804021,0.0019296211142382368
C,6,C6,787,b,2,FALSE,FALSE,NA,NA,c-18,control,NA,NA,NA,8006,c-18,199,3.9547738693467336,c-18,168,0.9725036179450073,2.9822702514017263,3.7250440312287363e-4
D,1,D1,1115,b,2,FALSE,FALSE,NA,NA,c-42,control,NA,NA,NA,8679,c-42,228,4.890350877192983,c-42,168,0.9725036179450073,3.9178472592479756,4.514168981735195e-4
D,2,D2,2695,b,2,FALSE,FALSE,NA,NA,oae-20,oae,NA,NA,NA,4760,oae-20,192,14.036458333333334,oae-20,168,0.9725036179450073,13.063954715388327,0.0027445283015521695
D,3,D3,817,b,2,FALSE,FALSE,NA,NA,oae-44,oae,NA,NA,NA,4560,oae-44,217,3.7649769585253456,oae-44,168,0.9725036179450073,2.7924733405803384,6.123845045132321e-4
D,4,D4,706,b,2,FALSE,FALSE,NA,NA,c-22,control,NA,NA,NA,7051,c-22,188,3.75531914893617,c-22,168,0.9725036179450073,2.782815530991163,3.9466962572559395e-4
D,5,D5,726,b,2,FALSE,FALSE,NA,NA,c-46,control,NA,NA,NA,7413,c-46,192,3.78125,c-46,168,0.9725036179450073,2.8087463820549927,3.788946960818822e-4
D,6,D6,791,b,2,FALSE,FALSE,NA,NA,oae-24,oae,NA,NA,NA,7422,oae-24,285,2.7754385964912283,oae-24,168,0.9725036179450073,1.802934978546221,2.429176742853976e-4
A,2,A2,757,b,2.5,FALSE,FALSE,NA,NA,c-02,control,NA,NA,NA,7369,c-02,197,3.8426395939086295,c-02,171,0.9898697539797395,2.85276983992889,3.8713120368148864e-4
A,3,A3,1188,b,2.5,FALSE,FALSE,NA,NA,c-26,control,NA,NA,NA,10666,c-26,228,5.2105263157894735,c-26,171,0.9898697539797395,4.220656561809734,3.957112846249516e-4
A,4,A4,839,b,2.5,FALSE,FALSE,NA,NA,oae-04,oae,NA,NA,NA,6553,oae-04,198,4.237373737373737,oae-04,171,0.9898697539797395,3.2475039833939974,4.955751538828014e-4
A,5,A5,903,b,2.5,FALSE,FALSE,NA,NA,oae-28,oae,NA,NA,NA,9574,oae-28,211,4.279620853080568,oae-28,171,0.9898697539797395,3.2897510991008287,3.436130247650751e-4
A,6,A6,847,b,2.5,FALSE,FALSE,NA,NA,c-06,control,NA,NA,NA,7654,c-06,211,4.014218009478673,c-06,171,0.9898697539797395,3.024348255498933,3.951330357328107e-4
B,1,B1,757,b,2.5,FALSE,FALSE,NA,NA,c-30,control,NA,NA,NA,4853,c-30,191,3.9633507853403143,c-30,171,0.9898697539797395,2.9734810313605746,6.127098766454924e-4
B,2,B2,1245,b,2.5,FALSE,FALSE,NA,NA,oae-08,oae,NA,NA,NA,8099,oae-08,196,6.3520408163265305,oae-08,171,0.9898697539797395,5.362171062346791,6.62078165495344e-4
B,3,B3,1158,b,2.5,FALSE,FALSE,NA,NA,oae-32,oae,NA,NA,NA,6072,oae-32,203,5.704433497536946,oae-32,171,0.9898697539797395,4.714563743557206,7.764433042749022e-4
B,4,B4,785,b,2.5,FALSE,FALSE,NA,NA,c-10,control,NA,NA,NA,8082,c-10,209,3.7559808612440193,c-10,171,0.9898697539797395,2.7661111072642797,3.4225576679835183e-4
B,5,B5,1483,b,2.5,FALSE,FALSE,NA,NA,c-34,control,NA,NA,NA,4239,c-34,188,7.888297872340425,c-34,171,0.9898697539797395,6.898428118360686,0.0016273715778156843
B,6,B6,1145,b,2.5,FALSE,FALSE,NA,NA,oae-12,oae,NA,NA,NA,8288,oae-12,210,5.4523809523809526,oae-12,171,0.9898697539797395,4.462511198401213,5.384304052125016e-4
C,1,C1,933,b,2.5,FALSE,FALSE,NA,NA,oae-36,oae,NA,NA,NA,7555,oae-36,206,4.529126213592233,oae-36,171,0.9898697539797395,3.539256459612494,4.684654479963592e-4
C,2,C2,907,b,2.5,FALSE,FALSE,NA,NA,c-14,control,NA,NA,NA,7825,c-14,204,4.446078431372549,c-14,171,0.9898697539797395,3.4562086773928096,4.416880098904549e-4
C,3,C3,711,b,2.5,FALSE,FALSE,NA,NA,c-38,control,NA,NA,NA,7657,c-38,200,3.555,c-38,171,0.9898697539797395,2.5651302460202605,3.3500460311091296e-4
C,4,C4,2991,b,2.5,FALSE,FALSE,NA,NA,oae-16,oae,NA,NA,NA,7189,oae-16,193,15.49740932642487,oae-16,171,0.9898697539797395,14.50753957244513,0.0020180191365203964
C,5,C5,5381,b,2.5,FALSE,FALSE,NA,NA,oae-40,oae,NA,NA,NA,10788,oae-40,242,22.235537190082646,oae-40,171,0.9898697539797395,21.245667436102906,0.001969379628856406
C,6,C6,890,b,2.5,FALSE,FALSE,NA,NA,c-18,control,NA,NA,NA,8006,c-18,199,4.472361809045226,c-18,171,0.9898697539797395,3.482492055065486,4.349852679322366e-4
D,1,D1,1220,b,2.5,FALSE,FALSE,NA,NA,c-42,control,NA,NA,NA,8679,c-42,228,5.350877192982456,c-42,171,0.9898697539797395,4.361007439002717,5.024781010488209e-4
D,2,D2,2771,b,2.5,FALSE,FALSE,NA,NA,oae-20,oae,NA,NA,NA,4760,oae-20,192,14.432291666666666,oae-20,171,0.9898697539797395,13.442421912686926,0.002824038216951035
D,3,D3,930,b,2.5,FALSE,FALSE,NA,NA,oae-44,oae,NA,NA,NA,4560,oae-44,217,4.285714285714286,oae-44,171,0.9898697539797395,3.295844531734546,7.22772923625997e-4
D,4,D4,771,b,2.5,FALSE,FALSE,NA,NA,c-22,control,NA,NA,NA,7051,c-22,188,4.101063829787234,c-22,171,0.9898697539797395,3.1111940758074947,4.412415367759885e-4
D,5,D5,811,b,2.5,FALSE,FALSE,NA,NA,c-46,control,NA,NA,NA,7413,c-46,192,4.223958333333333,c-46,171,0.9898697539797395,3.2340885793535934,4.362725724205576e-4
D,6,D6,825,b,2.5,FALSE,FALSE,NA,NA,oae-24,oae,NA,NA,NA,7422,oae-24,285,2.8947368421052633,oae-24,171,0.9898697539797395,1.9048670881255236,2.5665145353348474e-4
A,2,A2,854,b,3,FALSE,FALSE,NA,NA,c-02,control,NA,NA,NA,7369,c-02,197,4.33502538071066,c-02,173,1.0014471780028944,3.333578202707766,4.523786406171483e-4
A,3,A3,1268,b,3,FALSE,FALSE,NA,NA,c-26,control,NA,NA,NA,10666,c-26,228,5.56140350877193,c-26,173,1.0014471780028944,4.559956330769035,4.275226261737329e-4
A,4,A4,879,b,3,FALSE,FALSE,NA,NA,oae-04,oae,NA,NA,NA,6553,oae-04,198,4.4393939393939394,oae-04,173,1.0014471780028944,3.437946761391045,5.246370763606051e-4
A,5,A5,956,b,3,FALSE,FALSE,NA,NA,oae-28,oae,NA,NA,NA,9574,oae-28,211,4.530805687203792,oae-28,173,1.0014471780028944,3.529358509200897,3.6863991113441583e-4
A,6,A6,1082,b,3,FALSE,FALSE,NA,NA,c-06,control,NA,NA,NA,7654,c-06,211,5.127962085308057,c-06,173,1.0014471780028944,4.126514907305163,5.3913181438531e-4
B,1,B1,869,b,3,FALSE,FALSE,NA,NA,c-30,control,NA,NA,NA,4853,c-30,191,4.549738219895288,c-30,173,1.0014471780028944,3.548291041892394,7.311541400973405e-4
B,2,B2,1432,b,3,FALSE,FALSE,NA,NA,oae-08,oae,NA,NA,NA,8099,oae-08,196,7.3061224489795915,oae-08,173,1.0014471780028944,6.304675270976697,7.784510767967276e-4
B,3,B3,1270,b,3,FALSE,FALSE,NA,NA,oae-32,oae,NA,NA,NA,6072,oae-32,203,6.25615763546798,oae-32,173,1.0014471780028944,5.254710457465086,8.654002729685582e-4
B,4,B4,846,b,3,FALSE,FALSE,NA,NA,c-10,control,NA,NA,NA,8082,c-10,209,4.047846889952153,c-10,173,1.0014471780028944,3.0463997119492583,3.769363662397004e-4
B,5,B5,1525,b,3,FALSE,FALSE,NA,NA,c-34,control,NA,NA,NA,4239,c-34,188,8.111702127659575,c-34,173,1.0014471780028944,7.11025494965668,0.0016773425217401934
B,6,B6,1265,b,3,FALSE,FALSE,NA,NA,oae-12,oae,NA,NA,NA,8288,oae-12,210,6.023809523809524,oae-12,173,1.0014471780028944,5.022362345806629,6.059800127662438e-4
C,1,C1,1044,b,3,FALSE,FALSE,NA,NA,oae-36,oae,NA,NA,NA,7555,oae-36,206,5.067961165048544,oae-36,173,1.0014471780028944,4.066513987045649,5.382546640695763e-4
C,2,C2,1432,b,3,FALSE,FALSE,NA,NA,c-14,control,NA,NA,NA,7825,c-14,204,7.019607843137255,c-14,173,1.0014471780028944,6.01816066513436,7.690940147136562e-4
C,3,C3,779,b,3,FALSE,FALSE,NA,NA,c-38,control,NA,NA,NA,7657,c-38,200,3.895,c-38,173,1.0014471780028944,2.8935528219971056,3.7789641138789414e-4
C,4,C4,3006,b,3,FALSE,FALSE,NA,NA,oae-16,oae,NA,NA,NA,7189,oae-16,193,15.575129533678757,oae-16,173,1.0014471780028944,14.573682355675862,0.0020272196905933874
C,5,C5,5668,b,3,FALSE,FALSE,NA,NA,oae-40,oae,NA,NA,NA,10788,oae-40,242,23.421487603305785,oae-40,173,1.0014471780028944,22.42004042530289,0.002078238823257591
C,6,C6,961,b,3,FALSE,FALSE,NA,NA,c-18,control,NA,NA,NA,8006,c-18,199,4.8291457286432165,c-18,173,1.0014471780028944,3.827698550640322,4.7810374102427207e-4
D,1,D1,1362,b,3,FALSE,FALSE,NA,NA,c-42,control,NA,NA,NA,8679,c-42,228,5.973684210526316,c-42,173,1.0014471780028944,4.972237032523422,5.729043706099115e-4
D,2,D2,2829,b,3,FALSE,FALSE,NA,NA,oae-20,oae,NA,NA,NA,4760,oae-20,192,14.734375,oae-20,173,1.0014471780028944,13.732927821997105,0.002885068870167459
D,3,D3,1083,b,3,FALSE,FALSE,NA,NA,oae-44,oae,NA,NA,NA,4560,oae-44,217,4.990783410138249,oae-44,173,1.0014471780028944,3.9893362321353547,8.748544368717883e-4
D,4,D4,858,b,3,FALSE,FALSE,NA,NA,c-22,control,NA,NA,NA,7051,c-22,188,4.5638297872340425,c-22,173,1.0014471780028944,3.562382609231148,5.052308338152245e-4
D,5,D5,877,b,3,FALSE,FALSE,NA,NA,c-46,control,NA,NA,NA,7413,c-46,192,4.567708333333333,c-46,173,1.0014471780028944,3.5662611553304386,4.8108203903014145e-4
D,6,D6,926,b,3,FALSE,FALSE,NA,NA,oae-24,oae,NA,NA,NA,7422,oae-24,285,3.2491228070175437,oae-24,173,1.0014471780028944,2.2476756290146493,3.028396158737065e-4
A,1,A1,229,c,0,FALSE,FALSE,NA,NA,oae-25,oae,NA,NA,NA,5620,oae-25,229,1,oae-25,199,1.1519536903039074,-0.15195369030390737,-2.7038023185748644e-5
A,3,A3,241,c,0,FALSE,FALSE,NA,NA,c-03,control,NA,NA,NA,7127,c-03,241,1,c-03,199,1.1519536903039074,-0.15195369030390737,-2.132084892716534e-5
A,4,A4,246,c,0,FALSE,FALSE,NA,NA,c-27,control,NA,NA,NA,17409,c-27,246,1,c-27,199,1.1519536903039074,-0.15195369030390737,-8.728455988506369e-6
A,5,A5,230,c,0,FALSE,FALSE,NA,NA,oae-05,oae,NA,NA,NA,6060,oae-05,230,1,oae-05,199,1.1519536903039074,-0.15195369030390737,-2.5074866386783395e-5
A,6,A6,233,c,0,FALSE,FALSE,NA,NA,oae-29,oae,NA,NA,NA,6605,oae-29,233,1,oae-29,199,1.1519536903039074,-0.15195369030390737,-2.3005857729584767e-5
B,1,B1,228,c,0,FALSE,FALSE,NA,NA,c-07,control,NA,NA,NA,6386,c-07,228,1,c-07,199,1.1519536903039074,-0.15195369030390737,-2.379481526838512e-5
B,2,B2,230,c,0,FALSE,FALSE,NA,NA,c-31,control,NA,NA,NA,5304,c-31,230,1,c-31,199,1.1519536903039074,-0.15195369030390737,-2.8648885803904105e-5
B,3,B3,243,c,0,FALSE,FALSE,NA,NA,oae-09,oae,NA,NA,NA,10017,oae-09,243,1,oae-09,199,1.1519536903039074,-0.15195369030390737,-1.516958074312742e-5
B,4,B4,228,c,0,FALSE,FALSE,NA,NA,oae-33,oae,NA,NA,NA,5179,oae-33,228,1,oae-33,199,1.1519536903039074,-0.15195369030390737,-2.9340353408748287e-5
B,5,B5,256,c,0,FALSE,FALSE,NA,NA,c-11,control,NA,NA,NA,8969,c-11,256,1,c-11,199,1.1519536903039074,-0.15195369030390737,-1.6942099487557964e-5
B,6,B6,224,c,0,FALSE,FALSE,NA,NA,c-35,control,NA,NA,NA,6918,c-35,224,1,c-35,199,1.1519536903039074,-0.15195369030390737,-2.1964974024849286e-5
C,1,C1,262,c,0,FALSE,FALSE,NA,NA,oae-13,oae,NA,NA,NA,7126,oae-13,262,1,oae-13,199,1.1519536903039074,-0.15195369030390737,-2.132384090708776e-5
C,2,C2,249,c,0,FALSE,FALSE,NA,NA,oae-37,oae,NA,NA,NA,7642,oae-37,249,1,oae-37,199,1.1519536903039074,-0.15195369030390737,-1.9884021238407142e-5
C,3,C3,248,c,0,FALSE,FALSE,NA,NA,c-15,control,NA,NA,NA,6141,c-15,248,1,c-15,199,1.1519536903039074,-0.15195369030390737,-2.474412804167194e-5
C,4,C4,221,c,0,FALSE,FALSE,NA,NA,c-39,control,NA,NA,NA,8182,c-39,221,1,c-39,199,1.1519536903039074,-0.15195369030390737,-1.857170499925536e-5
C,5,C5,249,c,0,FALSE,FALSE,NA,NA,oae-17,oae,NA,NA,NA,6617,oae-17,249,1,oae-17,199,1.1519536903039074,-0.15195369030390737,-2.2964136361479124e-5
C,6,C6,272,c,0,FALSE,FALSE,NA,NA,oae-41,oae,NA,NA,NA,11204,oae-41,272,1,oae-41,199,1.1519536903039074,-0.15195369030390737,-1.3562450044975667e-5
D,1,D1,257,c,0,FALSE,FALSE,NA,NA,c-19,control,NA,NA,NA,8765,c-19,257,1,c-19,199,1.1519536903039074,-0.15195369030390737,-1.7336416463651726e-5
D,2,D2,248,c,0,FALSE,FALSE,NA,NA,c-43,control,NA,NA,NA,6972,c-43,248,1,c-43,199,1.1519536903039074,-0.15195369030390737,-2.179484944118006e-5
D,3,D3,214,c,0,FALSE,FALSE,NA,NA,oae-21,oae,NA,NA,NA,2756,oae-21,214,1,oae-21,199,1.1519536903039074,-0.15195369030390737,-5.5135591547136206e-5
D,4,D4,251,c,0,FALSE,FALSE,NA,NA,oae-45,oae,NA,NA,NA,7289,oae-45,251,1,oae-45,199,1.1519536903039074,-0.15195369030390737,-2.084698728274213e-5
D,5,D5,232,c,0,FALSE,FALSE,NA,NA,c-23,control,NA,NA,NA,8288,c-23,232,1,c-23,199,1.1519536903039074,-0.15195369030390737,-1.8334180779911604e-5
D,6,D6,278,c,0,FALSE,FALSE,NA,NA,oae-01,oae,NA,NA,NA,12826,oae-01,278,1,oae-01,199,1.1519536903039074,-0.15195369030390737,-1.1847317191946621e-5
A,1,A1,510,c,0.5,FALSE,FALSE,NA,NA,oae-25,oae,NA,NA,NA,5620,oae-25,229,2.2270742358078603,oae-25,202,1.1693198263386397,1.0577544094692206,1.8821252837530615e-4
A,3,A3,378,c,0.5,FALSE,FALSE,NA,NA,c-03,control,NA,NA,NA,7127,c-03,241,1.5684647302904564,c-03,202,1.1693198263386397,0.3991449039518167,5.6004616802556006e-5
A,4,A4,2138,c,0.5,FALSE,FALSE,NA,NA,c-27,control,NA,NA,NA,17409,c-27,246,8.691056910569106,c-27,202,1.1693198263386397,7.521737084230466,4.3206026102765615e-4
A,5,A5,520,c,0.5,FALSE,FALSE,NA,NA,oae-05,oae,NA,NA,NA,6060,oae-05,230,2.260869565217391,oae-05,202,1.1693198263386397,1.0915497388787514,1.8012371928692266e-4
A,6,A6,361,c,0.5,FALSE,FALSE,NA,NA,oae-29,oae,NA,NA,NA,6605,oae-29,233,1.5493562231759657,oae-29,202,1.1693198263386397,0.38003639683732593,5.753768309422043e-5
B,1,B1,319,c,0.5,FALSE,FALSE,NA,NA,c-07,control,NA,NA,NA,6386,c-07,228,1.3991228070175439,c-07,202,1.1693198263386397,0.22980298067890415,3.598543386766429e-5
B,2,B2,2043,c,0.5,FALSE,FALSE,NA,NA,c-31,control,NA,NA,NA,5304,c-31,230,8.882608695652173,c-31,202,1.1693198263386397,7.7132888693135335,0.00145423998290225
B,3,B3,341,c,0.5,FALSE,FALSE,NA,NA,oae-09,oae,NA,NA,NA,10017,oae-09,243,1.4032921810699588,oae-09,202,1.1693198263386397,0.23397235473131905,2.3357527676082564e-5
B,4,B4,266,c,0.5,FALSE,FALSE,NA,NA,oae-33,oae,NA,NA,NA,5179,oae-33,228,1.1666666666666667,oae-33,202,1.1693198263386397,-0.0026531596719729933,-5.122918849146541e-7
B,5,B5,306,c,0.5,FALSE,FALSE,NA,NA,c-11,control,NA,NA,NA,8969,c-11,256,1.1953125,c-11,202,1.1693198263386397,0.025992673661360266,2.898057047760092e-6
B,6,B6,278,c,0.5,FALSE,FALSE,NA,NA,c-35,control,NA,NA,NA,6918,c-35,224,1.2410714285714286,c-35,202,1.1693198263386397,0.07175160223278887,1.0371726255101022e-5
C,1,C1,3579,c,0.5,FALSE,FALSE,NA,NA,oae-13,oae,NA,NA,NA,7126,oae-13,262,13.66030534351145,oae-13,202,1.1693198263386397,12.49098551717281,0.0017528747568303128
C,2,C2,314,c,0.5,FALSE,FALSE,NA,NA,oae-37,oae,NA,NA,NA,7642,oae-37,249,1.2610441767068272,oae-37,202,1.1693198263386397,0.09172435036818749,1.2002662963646623e-5
C,3,C3,340,c,0.5,FALSE,FALSE,NA,NA,c-15,control,NA,NA,NA,6141,c-15,248,1.3709677419354838,c-15,202,1.1693198263386397,0.20164791559684403,3.2836332127803946e-5
C,4,C4,291,c,0.5,FALSE,FALSE,NA,NA,c-39,control,NA,NA,NA,8182,c-39,221,1.3167420814479638,c-39,202,1.1693198263386397,0.14742225510932405,1.801787522724567e-5
C,5,C5,326,c,0.5,FALSE,FALSE,NA,NA,oae-17,oae,NA,NA,NA,6617,oae-17,249,1.3092369477911647,oae-17,202,1.1693198263386397,0.139917121452525,2.114509920697068e-5
C,6,C6,517,c,0.5,FALSE,FALSE,NA,NA,oae-41,oae,NA,NA,NA,11204,oae-41,272,1.900735294117647,oae-41,202,1.1693198263386397,0.7314154677790072,6.528163760969361e-5
D,1,D1,481,c,0.5,FALSE,FALSE,NA,NA,c-19,control,NA,NA,NA,8765,c-19,257,1.8715953307392996,c-19,202,1.1693198263386397,0.7022755044006599,8.012270443818139e-5
D,2,D2,604,c,0.5,FALSE,FALSE,NA,NA,c-43,control,NA,NA,NA,6972,c-43,248,2.435483870967742,c-43,202,1.1693198263386397,1.2661640446291023,1.8160700582746733e-4
D,3,D3,652,c,0.5,FALSE,FALSE,NA,NA,oae-21,oae,NA,NA,NA,2756,oae-21,214,3.046728971962617,oae-21,202,1.1693198263386397,1.8774091456239772,6.812079628534024e-4
D,4,D4,377,c,0.5,FALSE,FALSE,NA,NA,oae-45,oae,NA,NA,NA,7289,oae-45,251,1.50199203187251,oae-45,202,1.1693198263386397,0.3326722055338702,4.564030807159696e-5
D,5,D5,350,c,0.5,FALSE,FALSE,NA,NA,c-23,control,NA,NA,NA,8288,c-23,232,1.5086206896551724,c-23,202,1.1693198263386397,0.33930086331653264,4.093881072834612e-5
D,6,D6,509,c,0.5,FALSE,FALSE,NA,NA,oae-01,oae,NA,NA,NA,12826,oae-01,278,1.830935251798561,oae-01,202,1.1693198263386397,0.6616154254599214,5.1583925265860075e-5
A,1,A1,912,c,1,FALSE,FALSE,NA,NA,oae-25,oae,NA,NA,NA,5620,oae-25,229,3.982532751091703,oae-25,204,1.1808972503617945,2.8016355007299083,4.985116549341474e-4
A,3,A3,671,c,1,FALSE,FALSE,NA,NA,c-03,control,NA,NA,NA,7127,c-03,241,2.784232365145228,c-03,204,1.1808972503617945,1.6033351147834336,2.249663413474721e-4
A,4,A4,4177,c,1,FALSE,FALSE,NA,NA,c-27,control,NA,NA,NA,17409,c-27,246,16.979674796747968,c-27,204,1.1808972503617945,15.798777546386173,9.07506321235348e-4
A,5,A5,1053,c,1,FALSE,FALSE,NA,NA,oae-05,oae,NA,NA,NA,6060,oae-05,230,4.578260869565217,oae-05,204,1.1808972503617945,3.397363619203423,5.606210592744923e-4
A,6,A6,530,c,1,FALSE,FALSE,NA,NA,oae-29,oae,NA,NA,NA,6605,oae-29,233,2.274678111587983,oae-29,204,1.1808972503617945,1.0937808612261886,1.655989191864025e-4
B,1,B1,453,c,1,FALSE,FALSE,NA,NA,c-07,control,NA,NA,NA,6386,c-07,228,1.986842105263158,c-07,204,1.1808972503617945,0.8059448549013635,1.2620495692160406e-4
B,2,B2,3296,c,1,FALSE,FALSE,NA,NA,c-31,control,NA,NA,NA,5304,c-31,230,14.330434782608696,c-31,204,1.1808972503617945,13.149537532246901,0.002479173742882146
B,3,B3,544,c,1,FALSE,FALSE,NA,NA,oae-09,oae,NA,NA,NA,10017,oae-09,243,2.2386831275720165,oae-09,204,1.1808972503617945,1.057785877210222,1.0559906930320674e-4
B,4,B4,382,c,1,FALSE,FALSE,NA,NA,oae-33,oae,NA,NA,NA,5179,oae-33,228,1.6754385964912282,oae-33,204,1.1808972503617945,0.4945413461294337,9.548973665368482e-5
B,5,B5,417,c,1,FALSE,FALSE,NA,NA,c-11,control,NA,NA,NA,8969,c-11,256,1.62890625,c-11,204,1.1808972503617945,0.4480089996382055,4.995083059852888e-5
B,6,B6,368,c,1,FALSE,FALSE,NA,NA,c-35,control,NA,NA,NA,6918,c-35,224,1.6428571428571428,c-35,204,1.1808972503617945,0.4619598924953483,6.677650946738195e-5
C,1,C1,5030,c,1,FALSE,FALSE,NA,NA,oae-13,oae,NA,NA,NA,7126,oae-13,262,19.198473282442748,oae-13,204,1.1808972503617945,18.017576032080953,0.00252842773394344
C,2,C2,396,c,1,FALSE,FALSE,NA,NA,oae-37,oae,NA,NA,NA,7642,oae-37,249,1.5903614457831325,oae-37,204,1.1808972503617945,0.40946419542133805,5.3580763598709503e-5
C,3,C3,432,c,1,FALSE,FALSE,NA,NA,c-15,control,NA,NA,NA,6141,c-15,248,1.7419354838709677,c-15,204,1.1808972503617945,0.5610382335091733,9.135942574648645e-5
C,4,C4,378,c,1,FALSE,FALSE,NA,NA,c-39,control,NA,NA,NA,8182,c-39,221,1.7104072398190044,c-39,204,1.1808972503617945,0.52950998945721,6.471644945700439e-5
C,5,C5,553,c,1,FALSE,FALSE,NA,NA,oae-17,oae,NA,NA,NA,6617,oae-17,249,2.2208835341365463,oae-17,204,1.1808972503617945,1.0399862837747518,1.5716885050245607e-4
C,6,C6,738,c,1,FALSE,FALSE,NA,NA,oae-41,oae,NA,NA,NA,11204,oae-41,272,2.713235294117647,oae-41,204,1.1808972503617945,1.5323380437558527,1.3676705138841955e-4
D,1,D1,894,c,1,FALSE,FALSE,NA,NA,c-19,control,NA,NA,NA,8765,c-19,257,3.4785992217898833,c-19,204,1.1808972503617945,2.297701971428089,2.6214511938711795e-4
D,2,D2,848,c,1,FALSE,FALSE,NA,NA,c-43,control,NA,NA,NA,6972,c-43,248,3.4193548387096775,c-43,204,1.1808972503617945,2.2384575883478828,3.2106391112276e-4
D,3,D3,1227,c,1,FALSE,FALSE,NA,NA,oae-21,oae,NA,NA,NA,2756,oae-21,214,5.733644859813084,oae-21,204,1.1808972503617945,4.5527476094512895,0.0016519403517602648
D,4,D4,583,c,1,FALSE,FALSE,NA,NA,oae-45,oae,NA,NA,NA,7289,oae-45,251,2.3227091633466137,oae-45,204,1.1808972503617945,1.1418119129848192,1.5664863671077228e-4
D,5,D5,548,c,1,FALSE,FALSE,NA,NA,c-23,control,NA,NA,NA,8288,c-23,232,2.3620689655172415,c-23,204,1.1808972503617945,1.181171715155447,1.4251589227261667e-4
D,6,D6,686,c,1,FALSE,FALSE,NA,NA,oae-01,oae,NA,NA,NA,12826,oae-01,278,2.4676258992805757,oae-01,204,1.1808972503617945,1.2867286489187812,1.0032189684381578e-4
A,1,A1,1162,c,1.5,FALSE,FALSE,NA,NA,oae-25,oae,NA,NA,NA,5620,oae-25,229,5.074235807860262,oae-25,209,1.2098408104196816,3.8643949974405807,6.876147682278613e-4
A,3,A3,954,c,1.5,FALSE,FALSE,NA,NA,c-03,control,NA,NA,NA,7127,c-03,241,3.95850622406639,c-03,209,1.2098408104196816,2.748665413646709,3.856693438538949e-4
A,4,A4,4594,c,1.5,FALSE,FALSE,NA,NA,c-27,control,NA,NA,NA,17409,c-27,246,18.67479674796748,c-27,209,1.2098408104196816,17.4649559375478,0.0010032141959646045
A,5,A5,1137,c,1.5,FALSE,FALSE,NA,NA,oae-05,oae,NA,NA,NA,6060,oae-05,230,4.943478260869565,oae-05,209,1.2098408104196816,3.7336374504498835,6.161117905032811e-4
A,6,A6,599,c,1.5,FALSE,FALSE,NA,NA,oae-29,oae,NA,NA,NA,6605,oae-29,233,2.570815450643777,oae-29,209,1.2098408104196816,1.3609746402240954,2.0605217868646412e-4
B,1,B1,605,c,1.5,FALSE,FALSE,NA,NA,c-07,control,NA,NA,NA,6386,c-07,228,2.6535087719298245,c-07,209,1.2098408104196816,1.4436679615101429,2.260676419527314e-4
B,2,B2,3562,c,1.5,FALSE,FALSE,NA,NA,c-31,control,NA,NA,NA,5304,c-31,230,15.486956521739131,c-31,209,1.2098408104196816,14.27711571131945,0.0026917638973075887
B,3,B3,792,c,1.5,FALSE,FALSE,NA,NA,oae-09,oae,NA,NA,NA,10017,oae-09,243,3.259259259259259,oae-09,209,1.2098408104196816,2.0494184488395772,2.0459403502441623e-4
B,4,B4,521,c,1.5,FALSE,FALSE,NA,NA,oae-33,oae,NA,NA,NA,5179,oae-33,228,2.2850877192982457,oae-33,209,1.2098408104196816,1.0752469088785641,2.0761670378037538e-4
B,5,B5,575,c,1.5,FALSE,FALSE,NA,NA,c-11,control,NA,NA,NA,8969,c-11,256,2.24609375,c-11,209,1.2098408104196816,1.0362529395803184,1.1553717689601052e-4
B,6,B6,477,c,1.5,FALSE,FALSE,NA,NA,c-35,control,NA,NA,NA,6918,c-35,224,2.1294642857142856,c-35,209,1.2098408104196816,0.919623475294604,1.3293198544298988e-4
C,1,C1,5209,c,1.5,FALSE,FALSE,NA,NA,oae-13,oae,NA,NA,NA,7126,oae-13,262,19.88167938931298,oae-13,209,1.2098408104196816,18.671838578893297,0.0026202411702067495
C,2,C2,535,c,1.5,FALSE,FALSE,NA,NA,oae-37,oae,NA,NA,NA,7642,oae-37,249,2.1485943775100402,oae-37,209,1.2098408104196816,0.9387535670903586,1.228413461254068e-4
C,3,C3,602,c,1.5,FALSE,FALSE,NA,NA,c-15,control,NA,NA,NA,6141,c-15,248,2.4274193548387095,c-15,209,1.2098408104196816,1.217578544419028,1.9827040293421723e-4
C,4,C4,477,c,1.5,FALSE,FALSE,NA,NA,c-39,control,NA,NA,NA,8182,c-39,221,2.158371040723982,c-39,209,1.2098408104196816,0.9485302303043002,1.1592889639505013e-4
C,5,C5,744,c,1.5,FALSE,FALSE,NA,NA,oae-17,oae,NA,NA,NA,6617,oae-17,249,2.9879518072289155,oae-17,209,1.2098408104196816,1.778110996809234,2.6871860311458875e-4
C,6,C6,995,c,1.5,FALSE,FALSE,NA,NA,oae-41,oae,NA,NA,NA,11204,oae-41,272,3.6580882352941178,oae-41,209,1.2098408104196816,2.4482474248744364,2.1851547883563338e-4
D,1,D1,1135,c,1.5,FALSE,FALSE,NA,NA,c-19,control,NA,NA,NA,8765,c-19,257,4.416342412451362,c-19,209,1.2098408104196816,3.2065016020316808,3.658301884805112e-4
D,2,D2,1105,c,1.5,FALSE,FALSE,NA,NA,c-43,control,NA,NA,NA,6972,c-43,248,4.455645161290323,c-43,209,1.2098408104196816,3.2458043508706416,4.6554852995849704e-4
D,3,D3,1942,c,1.5,FALSE,FALSE,NA,NA,oae-21,oae,NA,NA,NA,2756,oae-21,214,9.074766355140186,oae-21,209,1.2098408104196816,7.864925544720505,0.0028537465692019246
D,4,D4,843,c,1.5,FALSE,FALSE,NA,NA,oae-45,oae,NA,NA,NA,7289,oae-45,251,3.358565737051793,oae-45,209,1.2098408104196816,2.148724926632111,2.9479008459762807e-4
D,5,D5,773,c,1.5,FALSE,FALSE,NA,NA,c-23,control,NA,NA,NA,8288,c-23,232,3.331896551724138,c-23,209,1.2098408104196816,2.1220557413044565,2.560395440763099e-4
D,6,D6,919,c,1.5,FALSE,FALSE,NA,NA,oae-01,oae,NA,NA,NA,12826,oae-01,278,3.305755395683453,oae-01,209,1.2098408104196816,2.0959145852637713,1.6341139757241317e-4
A,1,A1,1755,c,2,FALSE,FALSE,NA,NA,oae-25,oae,NA,NA,NA,5620,oae-25,229,7.663755458515284,oae-25,218,1.2619392185238785,6.401816239991405,0.0011391132099628834
A,3,A3,1150,c,2,FALSE,FALSE,NA,NA,c-03,control,NA,NA,NA,7127,c-03,241,4.771784232365145,c-03,218,1.2619392185238785,3.5098450138412667,4.924715888650578e-4
A,4,A4,4725,c,2,FALSE,FALSE,NA,NA,c-27,control,NA,NA,NA,17409,c-27,246,19.20731707317073,c-27,218,1.2619392185238785,17.945377854646853,0.0010308103770835116
A,5,A5,1194,c,2,FALSE,FALSE,NA,NA,oae-05,oae,NA,NA,NA,6060,oae-05,230,5.191304347826087,oae-05,218,1.2619392185238785,3.9293651293022083,6.484100873435987e-4
A,6,A6,694,c,2,FALSE,FALSE,NA,NA,oae-29,oae,NA,NA,NA,6605,oae-29,233,2.9785407725321886,oae-29,218,1.2619392185238785,1.7166015540083102,2.5989425495962306e-4
B,1,B1,709,c,2,FALSE,FALSE,NA,NA,c-07,control,NA,NA,NA,6386,c-07,228,3.1096491228070176,c-07,218,1.2619392185238785,1.847709904283139,2.8933759854104905e-4
B,2,B2,3669,c,2,FALSE,FALSE,NA,NA,c-31,control,NA,NA,NA,5304,c-31,230,15.952173913043477,c-31,218,1.2619392185238785,14.6902346945196,0.002769652091726923
B,3,B3,1038,c,2,FALSE,FALSE,NA,NA,oae-09,oae,NA,NA,NA,10017,oae-09,243,4.271604938271605,oae-09,218,1.2619392185238785,3.009665719747727,3.0045579711966924e-4
B,4,B4,715,c,2,FALSE,FALSE,NA,NA,oae-33,oae,NA,NA,NA,5179,oae-33,228,3.1359649122807016,oae-33,218,1.2619392185238785,1.8740256937568232,3.61850877342503e-4
B,5,B5,740,c,2,FALSE,FALSE,NA,NA,c-11,control,NA,NA,NA,8969,c-11,256,2.890625,c-11,218,1.2619392185238785,1.6286857814761215,1.815905654449907e-4
B,6,B6,828,c,2,FALSE,FALSE,NA,NA,c-35,control,NA,NA,NA,6918,c-35,224,3.6964285714285716,c-35,218,1.2619392185238785,2.434489352904693,3.519065268726067e-4
C,1,C1,5565,c,2,FALSE,FALSE,NA,NA,oae-13,oae,NA,NA,NA,7126,oae-13,262,21.240458015267176,oae-13,218,1.2619392185238785,19.978518796743298,0.002803609149136023
C,2,C2,707,c,2,FALSE,FALSE,NA,NA,oae-37,oae,NA,NA,NA,7642,oae-37,249,2.8393574297188753,oae-37,218,1.2619392185238785,1.5774182111949968,2.0641431708911238e-4
C,3,C3,800,c,2,FALSE,FALSE,NA,NA,c-15,control,NA,NA,NA,6141,c-15,248,3.225806451612903,c-15,218,1.2619392185238785,1.9638672330890246,3.1979599952597696e-4
C,4,C4,667,c,2,FALSE,FALSE,NA,NA,c-39,control,NA,NA,NA,8182,c-39,221,3.018099547511312,c-39,218,1.2619392185238785,1.7561603289874337,2.1463704827516913e-4
C,5,C5,807,c,2,FALSE,FALSE,NA,NA,oae-17,oae,NA,NA,NA,6617,oae-17,249,3.2409638554216866,oae-17,218,1.2619392185238785,1.9790246368978082,2.990818553570815e-4
C,6,C6,1066,c,2,FALSE,FALSE,NA,NA,oae-41,oae,NA,NA,NA,11204,oae-41,272,3.9191176470588234,oae-41,218,1.2619392185238785,2.657178428534945,2.37163372771773e-4
D,1,D1,1728,c,2,FALSE,FALSE,NA,NA,c-19,control,NA,NA,NA,8765,c-19,257,6.723735408560311,c-19,218,1.2619392185238785,5.4617961900364325,6.231370439288571e-4
D,2,D2,1431,c,2,FALSE,FALSE,NA,NA,c-43,control,NA,NA,NA,6972,c-43,248,5.770161290322581,c-43,218,1.2619392185238785,4.508222071798702,6.466181973319998e-4
D,3,D3,2003,c,2,FALSE,FALSE,NA,NA,oae-21,oae,NA,NA,NA,2756,oae-21,214,9.35981308411215,oae-21,218,1.2619392185238785,8.097873865588271,0.002938270633377457
D,4,D4,1031,c,2,FALSE,FALSE,NA,NA,oae-45,oae,NA,NA,NA,7289,oae-45,251,4.107569721115538,oae-45,218,1.2619392185238785,2.8456305025916593,3.904006726014075e-4
D,5,D5,922,c,2,FALSE,FALSE,NA,NA,c-23,control,NA,NA,NA,8288,c-23,232,3.9741379310344827,c-23,218,1.2619392185238785,2.712198712510604,3.2724405315041075e-4
D,6,D6,1046,c,2,FALSE,FALSE,NA,NA,oae-01,oae,NA,NA,NA,12826,oae-01,278,3.762589928057554,oae-01,218,1.2619392185238785,2.5006507095336756,1.9496730933523122e-4
A,1,A1,2058,c,2.5,FALSE,FALSE,NA,NA,oae-25,oae,NA,NA,NA,5620,oae-25,229,8.986899563318778,oae-25,233,1.3487698986975398,7.638129664621237,0.001359097805092747
A,3,A3,1324,c,2.5,FALSE,FALSE,NA,NA,c-03,control,NA,NA,NA,7127,c-03,241,5.4937759336099585,c-03,233,1.3487698986975398,4.145006034912418,5.81591979081299e-4
A,4,A4,4807,c,2.5,FALSE,FALSE,NA,NA,c-27,control,NA,NA,NA,17409,c-27,246,19.540650406504064,c-27,233,1.3487698986975398,18.191880507806523,0.0010449698723537552
A,5,A5,1407,c,2.5,FALSE,FALSE,NA,NA,oae-05,oae,NA,NA,NA,6060,oae-05,230,6.1173913043478265,oae-05,233,1.3487698986975398,4.768621405650286,7.869012220545027e-4
A,6,A6,788,c,2.5,FALSE,FALSE,NA,NA,oae-29,oae,NA,NA,NA,6605,oae-29,233,3.3819742489270386,oae-29,233,1.3487698986975398,2.0332043502294987,3.078280621089324e-4
B,1,B1,834,c,2.5,FALSE,FALSE,NA,NA,c-07,control,NA,NA,NA,6386,c-07,228,3.6578947368421053,c-07,233,1.3487698986975398,2.3091248381445655,3.6159173788671557e-4
B,2,B2,3745,c,2.5,FALSE,FALSE,NA,NA,c-31,control,NA,NA,NA,5304,c-31,230,16.282608695652176,c-31,233,1.3487698986975398,14.933838796954635,0.0028155804669974804
B,3,B3,1117,c,2.5,FALSE,FALSE,NA,NA,oae-09,oae,NA,NA,NA,10017,oae-09,243,4.596707818930041,oae-09,233,1.3487698986975398,3.2479379202325016,3.242425796378658e-4
B,4,B4,783,c,2.5,FALSE,FALSE,NA,NA,oae-33,oae,NA,NA,NA,5179,oae-33,228,3.4342105263157894,oae-33,233,1.3487698986975398,2.0854406276182496,4.026724517509653e-4
B,5,B5,799,c,2.5,FALSE,FALSE,NA,NA,c-11,control,NA,NA,NA,8969,c-11,256,3.12109375,c-11,233,1.3487698986975398,1.7723238513024602,1.9760551358038357e-4
B,6,B6,925,c,2.5,FALSE,FALSE,NA,NA,c-35,control,NA,NA,NA,6918,c-35,224,4.129464285714286,c-35,233,1.3487698986975398,2.7806943870167458,4.019506196901916e-4
C,1,C1,5802,c,2.5,FALSE,FALSE,NA,NA,oae-13,oae,NA,NA,NA,7126,oae-13,262,22.14503816793893,oae-13,233,1.3487698986975398,20.79626826924139,0.002918364898855093
C,2,C2,891,c,2.5,FALSE,FALSE,NA,NA,oae-37,oae,NA,NA,NA,7642,oae-37,249,3.5783132530120483,oae-37,233,1.3487698986975398,2.2295433543145085,2.9174867237823977e-4
C,3,C3,910,c,2.5,FALSE,FALSE,NA,NA,c-15,control,NA,NA,NA,6141,c-15,248,3.6693548387096775,c-15,233,1.3487698986975398,2.3205849400121377,3.7788388536266694e-4
C,4,C4,766,c,2.5,FALSE,FALSE,NA,NA,c-39,control,NA,NA,NA,8182,c-39,221,3.4660633484162897,c-39,233,1.3487698986975398,2.11729344971875,2.587745599754033e-4
C,5,C5,870,c,2.5,FALSE,FALSE,NA,NA,oae-17,oae,NA,NA,NA,6617,oae-17,249,3.4939759036144578,oae-17,233,1.3487698986975398,2.145206004916918,3.2419616214552185e-4
C,6,C6,1201,c,2.5,FALSE,FALSE,NA,NA,oae-41,oae,NA,NA,NA,11204,oae-41,272,4.415441176470588,oae-41,233,1.3487698986975398,3.066671277773048,2.7371218116503465e-4
D,1,D1,1819,c,2.5,FALSE,FALSE,NA,NA,c-19,control,NA,NA,NA,8765,c-19,257,7.0778210116731515,c-19,233,1.3487698986975398,5.729051112975611,6.536281931518096e-4
D,2,D2,1533,c,2.5,FALSE,FALSE,NA,NA,c-43,control,NA,NA,NA,6972,c-43,248,6.181451612903226,c-43,233,1.3487698986975398,4.832681714205686,6.931557249291e-4
D,3,D3,2085,c,2.5,FALSE,FALSE,NA,NA,oae-21,oae,NA,NA,NA,2756,oae-21,214,9.742990654205608,oae-21,233,1.3487698986975398,8.394220755508067,0.003045798532477528
D,4,D4,1231,c,2.5,FALSE,FALSE,NA,NA,oae-45,oae,NA,NA,NA,7289,oae-45,251,4.904382470119522,oae-45,233,1.3487698986975398,3.555612571421982,4.8780526429166994e-4
D,5,D5,1019,c,2.5,FALSE,FALSE,NA,NA,c-23,control,NA,NA,NA,8288,c-23,232,4.392241379310345,c-23,233,1.3487698986975398,3.0434714806128054,3.6721422304691187e-4
D,6,D6,1157,c,2.5,FALSE,FALSE,NA,NA,oae-01,oae,NA,NA,NA,12826,oae-01,278,4.161870503597123,oae-01,233,1.3487698986975398,2.813100604899583,2.1932797480894923e-4
A,1,A1,2906,c,3,FALSE,FALSE,NA,NA,oae-25,oae,NA,NA,NA,5620,oae-25,229,12.68995633187773,oae-25,237,1.3719247467438496,11.31803158513388,0.0020138846236893025
A,3,A3,1448,c,3,FALSE,FALSE,NA,NA,c-03,control,NA,NA,NA,7127,c-03,241,6.008298755186722,c-03,237,1.3719247467438496,4.636374008442872,6.505365523281707e-4
A,4,A4,4872,c,3,FALSE,FALSE,NA,NA,c-27,control,NA,NA,NA,17409,c-27,246,19.804878048780488,c-27,237,1.3719247467438496,18.432953302036637,0.0010588174680933216
A,5,A5,1901,c,3,FALSE,FALSE,NA,NA,oae-05,oae,NA,NA,NA,6060,oae-05,230,8.265217391304347,oae-05,237,1.3719247467438496,6.893292644560497,0.0011375070370561876
A,6,A6,825,c,3,FALSE,FALSE,NA,NA,oae-29,oae,NA,NA,NA,6605,oae-29,233,3.540772532188841,oae-29,237,1.3719247467438496,2.1688477854449912,3.2836453980999113e-4
B,1,B1,939,c,3,FALSE,FALSE,NA,NA,c-07,control,NA,NA,NA,6386,c-07,228,4.118421052631579,c-07,237,1.3719247467438496,2.746496305887729,4.300808496535748e-4
B,2,B2,4077,c,3,FALSE,FALSE,NA,NA,c-31,control,NA,NA,NA,5304,c-31,230,17.72608695652174,c-31,237,1.3719247467438496,16.35416220977789,0.0030833639158706428
B,3,B3,1270,c,3,FALSE,FALSE,NA,NA,oae-09,oae,NA,NA,NA,10017,oae-09,243,5.226337448559671,oae-09,237,1.3719247467438496,3.8544127018158214,3.847871320570851e-4
B,4,B4,930,c,3,FALSE,FALSE,NA,NA,oae-33,oae,NA,NA,NA,5179,oae-33,228,4.078947368421052,oae-33,237,1.3719247467438496,2.7070226216772024,5.226921455256232e-4
B,5,B5,890,c,3,FALSE,FALSE,NA,NA,c-11,control,NA,NA,NA,8969,c-11,256,3.4765625,c-11,237,1.3719247467438496,2.10463775325615,2.3465690191282754e-4
B,6,B6,1165,c,3,FALSE,FALSE,NA,NA,c-35,control,NA,NA,NA,6918,c-35,224,5.200892857142857,c-35,237,1.3719247467438496,3.828968110399007,5.534790561432505e-4
C,1,C1,6325,c,3,FALSE,FALSE,NA,NA,oae-13,oae,NA,NA,NA,7126,oae-13,262,24.141221374045802,oae-13,237,1.3719247467438496,22.76929662730195,0.003195242299649446
C,2,C2,1059,c,3,FALSE,FALSE,NA,NA,oae-37,oae,NA,NA,NA,7642,oae-37,249,4.253012048192771,oae-37,237,1.3719247467438496,2.881087301448921,3.770069748035751e-4
C,3,C3,1027,c,3,FALSE,FALSE,NA,NA,c-15,control,NA,NA,NA,6141,c-15,248,4.141129032258065,c-15,237,1.3719247467438496,2.769204285514215,4.509370274408427e-4
C,4,C4,851,c,3,FALSE,FALSE,NA,NA,c-39,control,NA,NA,NA,8182,c-39,221,3.8506787330316743,c-39,237,1.3719247467438496,2.478753986287825,3.029520882776613e-4
C,5,C5,1007,c,3,FALSE,FALSE,NA,NA,oae-17,oae,NA,NA,NA,6617,oae-17,249,4.044176706827309,oae-17,237,1.3719247467438496,2.672251960083459,4.038464500655069e-4
C,6,C6,1304,c,3,FALSE,FALSE,NA,NA,oae-41,oae,NA,NA,NA,11204,oae-41,272,4.794117647058823,oae-41,237,1.3719247467438496,3.4221929003149736,3.054438504386803e-4
D,1,D1,2368,c,3,FALSE,FALSE,NA,NA,c-19,control,NA,NA,NA,8765,c-19,257,9.214007782101167,c-19,237,1.3719247467438496,7.842083035357317,8.947042824138411e-4
D,2,D2,1733,c,3,FALSE,FALSE,NA,NA,c-43,control,NA,NA,NA,6972,c-43,248,6.987903225806452,c-43,237,1.3719247467438496,5.615978479062602,8.055046585000863e-4
D,3,D3,2290,c,3,FALSE,FALSE,NA,NA,oae-21,oae,NA,NA,NA,2756,oae-21,214,10.700934579439252,oae-21,237,1.3719247467438496,9.329009832695403,0.00338498179705929
D,4,D4,1343,c,3,FALSE,FALSE,NA,NA,oae-45,oae,NA,NA,NA,7289,oae-45,251,5.350597609561753,oae-45,237,1.3719247467438496,3.978672862817903,5.458461877922764e-4
D,5,D5,1158,c,3,FALSE,FALSE,NA,NA,c-23,control,NA,NA,NA,8288,c-23,232,4.991379310344827,c-23,237,1.3719247467438496,3.6194545636009776,4.3671025139973185e-4
D,6,D6,1274,c,3,FALSE,FALSE,NA,NA,oae-01,oae,NA,NA,NA,12826,oae-01,278,4.58273381294964,oae-01,237,1.3719247467438496,3.2108090662057904,2.5033596337172855e-4
A,1,A1,190,d,0,FALSE,FALSE,NA,NA,oae-02,oae,NA,NA,NA,8910,oae-02,190,1,oae-02,163,0.9435600578871202,0.05643994211287984,6.334449170918052e-6
A,2,A2,202,d,0,FALSE,FALSE,NA,NA,oae-26,oae,NA,NA,NA,9941,oae-26,202,1,oae-26,163,0.9435600578871202,0.05643994211287984,5.6774914106105865e-6
A,4,A4,229,d,0,FALSE,FALSE,NA,NA,c-04,control,NA,NA,NA,9031,c-04,229,1,c-04,163,0.9435600578871202,0.05643994211287984,6.249578353768114e-6
A,5,A5,219,d,0,FALSE,FALSE,NA,NA,c-28,control,NA,NA,NA,8334,c-28,219,1,c-28,163,0.9435600578871202,0.05643994211287984,6.772251273443705e-6
A,6,A6,209,d,0,FALSE,FALSE,NA,NA,oae-06,oae,NA,NA,NA,6207,oae-06,209,1,oae-06,163,0.9435600578871202,0.05643994211287984,9.092950235682268e-6
B,1,B1,195,d,0,FALSE,FALSE,NA,NA,oae-30,oae,NA,NA,NA,7118,oae-30,195,1,oae-30,163,0.9435600578871202,0.05643994211287984,7.929185461208182e-6
B,2,B2,209,d,0,FALSE,FALSE,NA,NA,c-08,control,NA,NA,NA,8562,c-08,209,1,c-08,163,0.9435600578871202,0.05643994211287984,6.591911015286129e-6
B,3,B3,188,d,0,FALSE,FALSE,NA,NA,c-32,control,NA,NA,NA,5622,c-32,188,1,c-32,163,0.9435600578871202,0.05643994211287984,1.0039121684966175e-5
B,4,B4,221,d,0,FALSE,FALSE,NA,NA,oae-10,oae,NA,NA,NA,8804,oae-10,221,1,oae-10,163,0.9435600578871202,0.05643994211287984,6.410715823816429e-6
B,5,B5,197,d,0,FALSE,FALSE,NA,NA,oae-34,oae,NA,NA,NA,4498,oae-34,197,1,oae-34,163,0.9435600578871202,0.05643994211287984,1.2547786152263192e-5
B,6,B6,220,d,0,FALSE,FALSE,NA,NA,c-12,control,NA,NA,NA,9226,c-12,220,1,c-12,163,0.9435600578871202,0.05643994211287984,6.117487764240173e-6
C,1,C1,193,d,0,FALSE,FALSE,NA,NA,c-36,control,NA,NA,NA,7094,c-36,193,1,c-36,163,0.9435600578871202,0.05643994211287984,7.956011011119233e-6
C,2,C2,190,d,0,FALSE,FALSE,NA,NA,oae-14,oae,NA,NA,NA,6051,oae-14,190,1,oae-14,163,0.9435600578871202,0.05643994211287984,9.327374336949238e-6
C,3,C3,227,d,0,FALSE,FALSE,NA,NA,oae-38,oae,NA,NA,NA,5493,oae-38,227,1,oae-38,163,0.9435600578871202,0.05643994211287984,1.0274884782974666e-5
C,4,C4,247,d,0,FALSE,FALSE,NA,NA,c-16,control,NA,NA,NA,9971,c-16,247,1,c-16,163,0.9435600578871202,0.05643994211287984,5.660409398543761e-6
C,5,C5,200,d,0,FALSE,FALSE,NA,NA,c-40,control,NA,NA,NA,10022,c-40,200,1,c-40,163,0.9435600578871202,0.05643994211287984,5.631604680989806e-6
C,6,C6,186,d,0,FALSE,FALSE,NA,NA,oae-18,oae,NA,NA,NA,5317,oae-18,186,1,oae-18,163,0.9435600578871202,0.05643994211287984,1.061499757624221e-5
D,1,D1,204,d,0,FALSE,FALSE,NA,NA,oae-42,oae,NA,NA,NA,10521,oae-42,204,1,oae-42,163,0.9435600578871202,0.05643994211287984,5.3645035750289745e-6
D,2,D2,188,d,0,FALSE,FALSE,NA,NA,c-20,control,NA,NA,NA,8046,c-20,188,1,c-20,163,0.9435600578871202,0.05643994211287984,7.014658477862272e-6
D,3,D3,187,d,0,FALSE,FALSE,NA,NA,c-44,control,NA,NA,NA,6195,c-44,187,1,c-44,163,0.9435600578871202,0.05643994211287984,9.110563698608529e-6
D,4,D4,182,d,0,FALSE,FALSE,NA,NA,oae-22,oae,NA,NA,NA,3889,oae-22,182,1,oae-22,163,0.9435600578871202,0.05643994211287984,1.4512713322931302e-5
D,5,D5,196,d,0,FALSE,FALSE,NA,NA,oae-46,oae,NA,NA,NA,5282,oae-46,196,1,oae-46,163,0.9435600578871202,0.05643994211287984,1.0685335500355896e-5
D,6,D6,202,d,0,FALSE,FALSE,NA,NA,c-24,control,NA,NA,NA,8062,c-24,202,1,c-24,163,0.9435600578871202,0.05643994211287984,7.00073705195731e-6
A,1,A1,336,d,0.5,FALSE,FALSE,NA,NA,oae-02,oae,NA,NA,NA,8910,oae-02,190,1.768421052631579,oae-02,168,0.9725036179450073,0.7959174346865716,8.932855608154563e-5
A,2,A2,350,d,0.5,FALSE,FALSE,NA,NA,oae-26,oae,NA,NA,NA,9941,oae-26,202,1.7326732673267327,oae-26,168,0.9725036179450073,0.7601696493817254,7.646812688680468e-5
A,4,A4,525,d,0.5,FALSE,FALSE,NA,NA,c-04,control,NA,NA,NA,9031,c-04,229,2.2925764192139737,c-04,168,0.9725036179450073,1.3200728012689664,1.4617127685405453e-4
A,5,A5,426,d,0.5,FALSE,FALSE,NA,NA,c-28,control,NA,NA,NA,8334,c-28,219,1.9452054794520548,c-28,168,0.9725036179450073,0.9727018615070475,1.167148861899505e-4
A,6,A6,362,d,0.5,FALSE,FALSE,NA,NA,oae-06,oae,NA,NA,NA,6207,oae-06,209,1.7320574162679425,oae-06,168,0.9725036179450073,0.7595537983229352,1.223705168878581e-4
B,1,B1,344,d,0.5,FALSE,FALSE,NA,NA,oae-30,oae,NA,NA,NA,7118,oae-30,195,1.764102564102564,oae-30,168,0.9725036179450073,0.7915989461575568,1.1121086627670087e-4
B,2,B2,303,d,0.5,FALSE,FALSE,NA,NA,c-08,control,NA,NA,NA,8562,c-08,209,1.4497607655502391,c-08,168,0.9725036179450073,0.47725714760523186,5.574131600154542e-5
B,3,B3,231,d,0.5,FALSE,FALSE,NA,NA,c-32,control,NA,NA,NA,5622,c-32,188,1.2287234042553192,c-32,168,0.9725036179450073,0.25621978631031195,4.557449062794592e-5
B,4,B4,309,d,0.5,FALSE,FALSE,NA,NA,oae-10,oae,NA,NA,NA,8804,oae-10,221,1.3981900452488687,oae-10,168,0.9725036179450073,0.4256864273038614,4.8351479702846596e-5
B,5,B5,308,d,0.5,FALSE,FALSE,NA,NA,oae-34,oae,NA,NA,NA,4498,oae-34,197,1.5634517766497462,oae-34,168,0.9725036179450073,0.5909481587047389,1.3138020424738526e-4
B,6,B6,470,d,0.5,FALSE,FALSE,NA,NA,c-12,control,NA,NA,NA,9226,c-12,220,2.1363636363636362,c-12,168,0.9725036179450073,1.163860018418629,1.261500128353164e-4
C,1,C1,257,d,0.5,FALSE,FALSE,NA,NA,c-36,control,NA,NA,NA,7094,c-36,193,1.3316062176165804,c-36,168,0.9725036179450073,0.3591025996715731,5.0620608919026373e-05
C,2,C2,258,d,0.5,FALSE,FALSE,NA,NA,oae-14,oae,NA,NA,NA,6051,oae-14,190,1.3578947368421053,oae-14,168,0.9725036179450073,0.385391118897098,6.369048403521699e-5
C,3,C3,349,d,0.5,FALSE,FALSE,NA,NA,oae-38,oae,NA,NA,NA,5493,oae-38,227,1.5374449339207048,oae-38,168,0.9725036179450073,0.5649413159756975,1.0284749972250091e-4
C,4,C4,503,d,0.5,FALSE,FALSE,NA,NA,c-16,control,NA,NA,NA,9971,c-16,247,2.0364372469635628,c-16,168,0.9725036179450073,1.0639336290185555,1.0670280102482755e-4
C,5,C5,297,d,0.5,FALSE,FALSE,NA,NA,c-40,control,NA,NA,NA,10022,c-40,200,1.485,c-40,168,0.9725036179450073,0.5124963820549928,5.1137136505187865e-5
C,6,C6,591,d,0.5,FALSE,FALSE,NA,NA,oae-18,oae,NA,NA,NA,5317,oae-18,186,3.1774193548387095,oae-18,168,0.9725036179450073,2.2049157368937022,4.146916939803841e-4
D,1,D1,349,d,0.5,FALSE,FALSE,NA,NA,oae-42,oae,NA,NA,NA,10521,oae-42,204,1.7107843137254901,oae-42,168,0.9725036179450073,0.7382806957804828,7.017210301116651e-5
D,2,D2,248,d,0.5,FALSE,FALSE,NA,NA,c-20,control,NA,NA,NA,8046,c-20,188,1.3191489361702127,c-20,168,0.9725036179450073,0.3466453182252054,4.308293788531014e-5
D,3,D3,238,d,0.5,FALSE,FALSE,NA,NA,c-44,control,NA,NA,NA,6195,c-44,187,1.2727272727272727,c-44,168,0.9725036179450073,0.3002236547822654,4.846225258793631e-5
D,4,D4,239,d,0.5,FALSE,FALSE,NA,NA,oae-22,oae,NA,NA,NA,3889,oae-22,182,1.3131868131868132,oae-22,168,0.9725036179450073,0.3406831952418059,8.760174729797015e-5
D,5,D5,425,d,0.5,FALSE,FALSE,NA,NA,oae-46,oae,NA,NA,NA,5282,oae-46,196,2.1683673469387754,oae-46,168,0.9725036179450073,1.1958637289937681,2.2640358367924425e-4
D,6,D6,371,d,0.5,FALSE,FALSE,NA,NA,c-24,control,NA,NA,NA,8062,c-24,202,1.8366336633663367,c-24,168,0.9725036179450073,0.8641300454213294,1.07185567529314e-4
A,1,A1,490,d,1,FALSE,FALSE,NA,NA,oae-02,oae,NA,NA,NA,8910,oae-02,190,2.5789473684210527,oae-02,176,1.0188133140376265,1.5601340543834261,1.7509922046952034e-4
A,2,A2,491,d,1,FALSE,FALSE,NA,NA,oae-26,oae,NA,NA,NA,9941,oae-26,202,2.4306930693069306,oae-26,176,1.0188133140376265,1.411879755269304,1.4202592850511055e-4
A,4,A4,825,d,1,FALSE,FALSE,NA,NA,c-04,control,NA,NA,NA,9031,c-04,229,3.6026200873362444,c-04,176,1.0188133140376265,2.583806773298618,2.861041715533848e-4
A,5,A5,678,d,1,FALSE,FALSE,NA,NA,c-28,control,NA,NA,NA,8334,c-28,219,3.095890410958904,c-28,176,1.0188133140376265,2.0770770969212773,2.4922931328549044e-4
A,6,A6,514,d,1,FALSE,FALSE,NA,NA,oae-06,oae,NA,NA,NA,6207,oae-06,209,2.45933014354067,oae-06,176,1.0188133140376265,1.4405168295030435,2.3207939898550726e-4
B,1,B1,501,d,1,FALSE,FALSE,NA,NA,oae-30,oae,NA,NA,NA,7118,oae-30,195,2.5692307692307694,oae-30,176,1.0188133140376265,1.550417455193143,2.178164449554851e-4
B,2,B2,576,d,1,FALSE,FALSE,NA,NA,c-08,control,NA,NA,NA,8562,c-08,209,2.7559808612440193,c-08,176,1.0188133140376265,1.7371675472063928,2.0289272917617296e-4
B,3,B3,284,d,1,FALSE,FALSE,NA,NA,c-32,control,NA,NA,NA,5622,c-32,188,1.5106382978723405,c-32,176,1.0188133140376265,0.49182498383471396,8.748220986031909e-5
B,4,B4,392,d,1,FALSE,FALSE,NA,NA,oae-10,oae,NA,NA,NA,8804,oae-10,221,1.7737556561085972,oae-10,176,1.0188133140376265,0.7549423420709707,8.574992526930607e-5
B,5,B5,425,d,1,FALSE,FALSE,NA,NA,oae-34,oae,NA,NA,NA,4498,oae-34,197,2.1573604060913705,oae-34,176,1.0188133140376265,1.138547092053744,2.531229639959413e-4
B,6,B6,697,d,1,FALSE,FALSE,NA,NA,c-12,control,NA,NA,NA,9226,c-12,220,3.168181818181818,c-12,176,1.0188133140376265,2.1493685041441912,2.329686217368514e-4
C,1,C1,381,d,1,FALSE,FALSE,NA,NA,c-36,control,NA,NA,NA,7094,c-36,193,1.9740932642487046,c-36,176,1.0188133140376265,0.955279950211078,1.3466026927136707e-4
C,2,C2,349,d,1,FALSE,FALSE,NA,NA,oae-14,oae,NA,NA,NA,6051,oae-14,190,1.8368421052631578,oae-14,176,1.0188133140376265,0.8180287912255313,1.3518902515708664e-4
C,3,C3,530,d,1,FALSE,FALSE,NA,NA,oae-38,oae,NA,NA,NA,5493,oae-38,227,2.3348017621145374,oae-38,176,1.0188133140376265,1.3159884480769108,2.395755412482998e-4
C,4,C4,800,d,1,FALSE,FALSE,NA,NA,c-16,control,NA,NA,NA,9971,c-16,247,3.2388663967611335,c-16,176,1.0188133140376265,2.220053082723507,2.2265099616121826e-4
C,5,C5,452,d,1,FALSE,FALSE,NA,NA,c-40,control,NA,NA,NA,10022,c-40,200,2.26,c-40,176,1.0188133140376265,1.2411866859623732,1.238462069409672e-4
C,6,C6,815,d,1,FALSE,FALSE,NA,NA,oae-18,oae,NA,NA,NA,5317,oae-18,186,4.381720430107527,oae-18,176,1.0188133140376265,3.3629071160699002,6.324820605736129e-4
D,1,D1,526,d,1,FALSE,FALSE,NA,NA,oae-42,oae,NA,NA,NA,10521,oae-42,204,2.5784313725490198,oae-42,176,1.0188133140376265,1.5596180585113932,1.482385760394823e-4
D,2,D2,316,d,1,FALSE,FALSE,NA,NA,c-20,control,NA,NA,NA,8046,c-20,188,1.6808510638297873,c-20,176,1.0188133140376265,0.6620377497921608,8.228159952674134e-5
D,3,D3,377,d,1,FALSE,FALSE,NA,NA,c-44,control,NA,NA,NA,6195,c-44,187,2.016042780748663,c-44,176,1.0188133140376265,0.9972294667110366,1.6097327953366208e-4
D,4,D4,352,d,1,FALSE,FALSE,NA,NA,oae-22,oae,NA,NA,NA,3889,oae-22,182,1.934065934065934,oae-22,176,1.0188133140376265,0.9152526200283075,2.3534394960871883e-4
D,5,D5,626,d,1,FALSE,FALSE,NA,NA,oae-46,oae,NA,NA,NA,5282,oae-46,196,3.193877551020408,oae-46,176,1.0188133140376265,2.1750642369827817,4.1178800397250696e-4
D,6,D6,510,d,1,FALSE,FALSE,NA,NA,c-24,control,NA,NA,NA,8062,c-24,202,2.5247524752475248,c-24,176,1.0188133140376265,1.5059391612098982,1.8679473594764305e-4
A,1,A1,635,d,1.5,FALSE,FALSE,NA,NA,oae-02,oae,NA,NA,NA,8910,oae-02,190,3.3421052631578947,oae-02,186,1.0767004341534008,2.2654048290044937,2.542541895627939e-4
A,2,A2,596,d,1.5,FALSE,FALSE,NA,NA,oae-26,oae,NA,NA,NA,9941,oae-26,202,2.9504950495049505,oae-26,186,1.0767004341534008,1.8737946153515497,1.8849156174947687e-4
A,4,A4,1134,d,1.5,FALSE,FALSE,NA,NA,c-04,control,NA,NA,NA,9031,c-04,229,4.951965065502184,c-04,186,1.0767004341534008,3.8752646313487826,4.291069240780404e-4
A,5,A5,891,d,1.5,FALSE,FALSE,NA,NA,c-28,control,NA,NA,NA,8334,c-28,219,4.068493150684931,c-28,186,1.0767004341534008,2.9917927165315303,3.5898640707121793e-4
A,6,A6,662,d,1.5,FALSE,FALSE,NA,NA,oae-06,oae,NA,NA,NA,6207,oae-06,209,3.1674641148325358,oae-06,186,1.0767004341534008,2.090763680679135,3.3683964567087724e-4
B,1,B1,644,d,1.5,FALSE,FALSE,NA,NA,oae-30,oae,NA,NA,NA,7118,oae-30,195,3.3025641025641024,oae-30,186,1.0767004341534008,2.2258636684107014,3.1270914138953375e-4
B,2,B2,767,d,1.5,FALSE,FALSE,NA,NA,c-08,control,NA,NA,NA,8562,c-08,209,3.6698564593301435,c-08,186,1.0767004341534008,2.593156025176743,3.0286802443082724e-4
B,3,B3,344,d,1.5,FALSE,FALSE,NA,NA,c-32,control,NA,NA,NA,5622,c-32,188,1.8297872340425532,c-32,186,1.0767004341534008,0.7530867998891524,1.3395353964588266e-4
B,4,B4,523,d,1.5,FALSE,FALSE,NA,NA,oae-10,oae,NA,NA,NA,8804,oae-10,221,2.3665158371040724,oae-10,186,1.0767004341534008,1.2898154029506717,1.4650333972633707e-4
B,5,B5,567,d,1.5,FALSE,FALSE,NA,NA,oae-34,oae,NA,NA,NA,4498,oae-34,197,2.8781725888324874,oae-34,186,1.0767004341534008,1.8014721546790866,4.005051477721402e-4
B,6,B6,946,d,1.5,FALSE,FALSE,NA,NA,c-12,control,NA,NA,NA,9226,c-12,220,4.3,c-12,186,1.0767004341534008,3.223299565846599,3.4937129480236276e-4
C,1,C1,461,d,1.5,FALSE,FALSE,NA,NA,c-36,control,NA,NA,NA,7094,c-36,193,2.38860103626943,c-36,186,1.0767004341534008,1.3119006021160293,1.8493101242120515e-4
C,2,C2,448,d,1.5,FALSE,FALSE,NA,NA,oae-14,oae,NA,NA,NA,6051,oae-14,190,2.357894736842105,oae-14,186,1.0767004341534008,1.2811943026887043,2.117326562037191e-4
C,3,C3,681,d,1.5,FALSE,FALSE,NA,NA,oae-38,oae,NA,NA,NA,5493,oae-38,227,3,oae-38,186,1.0767004341534008,1.9232995658465992,3.5013645837367547e-4
C,4,C4,1174,d,1.5,FALSE,FALSE,NA,NA,c-16,control,NA,NA,NA,9971,c-16,247,4.753036437246964,c-16,186,1.0767004341534008,3.676336003093563,3.6870283854112553e-4
C,5,C5,698,d,1.5,FALSE,FALSE,NA,NA,c-40,control,NA,NA,NA,10022,c-40,200,3.49,c-40,186,1.0767004341534008,2.413299565846599,2.4080019615312304e-4
C,6,C6,974,d,1.5,FALSE,FALSE,NA,NA,oae-18,oae,NA,NA,NA,5317,oae-18,186,5.236559139784946,oae-18,186,1.0767004341534008,4.159858705631545,7.823695139423632e-4
D,1,D1,698,d,1.5,FALSE,FALSE,NA,NA,oae-42,oae,NA,NA,NA,10521,oae-42,204,3.4215686274509802,oae-42,186,1.0767004341534008,2.3448681932975797,2.228750302535481e-4
D,2,D2,409,d,1.5,FALSE,FALSE,NA,NA,c-20,control,NA,NA,NA,8046,c-20,188,2.175531914893617,c-20,186,1.0767004341534008,1.0988314807402164,1.365686652672404e-4
D,3,D3,507,d,1.5,FALSE,FALSE,NA,NA,c-44,control,NA,NA,NA,6195,c-44,187,2.7112299465240643,c-44,186,1.0767004341534008,1.6345295123706636,2.6384657181124514e-4
D,4,D4,463,d,1.5,FALSE,FALSE,NA,NA,oae-22,oae,NA,NA,NA,3889,oae-22,182,2.543956043956044,oae-22,186,1.0767004341534008,1.467255609802643,3.772835201343901e-4
D,5,D5,838,d,1.5,FALSE,FALSE,NA,NA,oae-46,oae,NA,NA,NA,5282,oae-46,196,4.275510204081633,oae-46,186,1.0767004341534008,3.198809769928232,6.056057875668747e-4
D,6,D6,682,d,1.5,FALSE,FALSE,NA,NA,c-24,control,NA,NA,NA,8062,c-24,202,3.376237623762376,c-24,186,1.0767004341534008,2.2995371896089756,2.852316037718898e-4
A,1,A1,772,d,2,FALSE,FALSE,NA,NA,oae-02,oae,NA,NA,NA,8910,oae-02,190,4.063157894736842,oae-02,197,1.1403762662807526,2.9227816284560895,3.280338528009079e-4
A,2,A2,773,d,2,FALSE,FALSE,NA,NA,oae-26,oae,NA,NA,NA,9941,oae-26,202,3.8267326732673266,oae-26,197,1.1403762662807526,2.686356406986574,2.7022999768499894e-4
A,4,A4,1343,d,2,FALSE,FALSE,NA,NA,c-04,control,NA,NA,NA,9031,c-04,229,5.864628820960698,c-04,197,1.1403762662807526,4.724252554679945,5.231151095869722e-4
A,5,A5,1083,d,2,FALSE,FALSE,NA,NA,c-28,control,NA,NA,NA,8334,c-28,219,4.945205479452055,c-28,197,1.1403762662807526,3.8048292131713017,4.5654298214198487e-4
A,6,A6,801,d,2,FALSE,FALSE,NA,NA,oae-06,oae,NA,NA,NA,6207,oae-06,209,3.8325358851674642,oae-06,197,1.1403762662807526,2.692159618886712,4.3372959866065923e-4
B,1,B1,790,d,2,FALSE,FALSE,NA,NA,oae-30,oae,NA,NA,NA,7118,oae-30,195,4.051282051282051,oae-30,197,1.1403762662807526,2.9109057850012983,4.0894995574617847e-4
B,2,B2,912,d,2,FALSE,FALSE,NA,NA,c-08,control,NA,NA,NA,8562,c-08,209,4.363636363636363,c-08,197,1.1403762662807526,3.2232600973556105,3.76461118588602e-4
B,3,B3,395,d,2,FALSE,FALSE,NA,NA,c-32,control,NA,NA,NA,5622,c-32,188,2.101063829787234,c-32,197,1.1403762662807526,0.9606875635064813,1.7088003619823575e-4
B,4,B4,645,d,2,FALSE,FALSE,NA,NA,oae-10,oae,NA,NA,NA,8804,oae-10,221,2.918552036199095,oae-10,197,1.1403762662807526,1.7781757699183423,2.0197362220789893e-4
B,5,B5,659,d,2,FALSE,FALSE,NA,NA,oae-34,oae,NA,NA,NA,4498,oae-34,197,3.3451776649746194,oae-34,197,1.1403762662807526,2.204801398693867,4.901737213636876e-4
B,6,B6,1145,d,2,FALSE,FALSE,NA,NA,c-12,control,NA,NA,NA,9226,c-12,220,5.204545454545454,c-12,197,1.1403762662807526,4.064169188264701,4.4051259356868644e-4
C,1,C1,564,d,2,FALSE,FALSE,NA,NA,c-36,control,NA,NA,NA,7094,c-36,193,2.922279792746114,c-36,197,1.1403762662807526,1.7819035264653615,2.511845963441446e-4
C,2,C2,537,d,2,FALSE,FALSE,NA,NA,oae-14,oae,NA,NA,NA,6051,oae-14,190,2.8263157894736843,oae-14,197,1.1403762662807526,1.6859395231929317,2.786216366208778e-4
C,3,C3,826,d,2,FALSE,FALSE,NA,NA,oae-38,oae,NA,NA,NA,5493,oae-38,227,3.6387665198237884,oae-38,197,1.1403762662807526,2.498390253543036,4.548316500169372e-4
C,4,C4,1659,d,2,FALSE,FALSE,NA,NA,c-16,control,NA,NA,NA,9971,c-16,247,6.716599190283401,c-16,197,1.1403762662807526,5.576222924002648,5.59244100291109e-4
C,5,C5,846,d,2,FALSE,FALSE,NA,NA,c-40,control,NA,NA,NA,10022,c-40,200,4.23,c-40,197,1.1403762662807526,3.0896237337192476,3.08284148245784e-4
C,6,C6,1103,d,2,FALSE,FALSE,NA,NA,oae-18,oae,NA,NA,NA,5317,oae-18,186,5.93010752688172,oae-18,197,1.1403762662807526,4.789731260600967,9.008334136921134e-4
D,1,D1,828,d,2,FALSE,FALSE,NA,NA,oae-42,oae,NA,NA,NA,10521,oae-42,204,4.0588235294117645,oae-42,197,1.1403762662807526,2.9184472631310117,2.773925732469358e-4
D,2,D2,477,d,2,FALSE,FALSE,NA,NA,c-20,control,NA,NA,NA,8046,c-20,188,2.5372340425531914,c-20,197,1.1403762662807526,1.3968577762724388,1.7360897045394467e-4
D,3,D3,571,d,2,FALSE,FALSE,NA,NA,c-44,control,NA,NA,NA,6195,c-44,187,3.053475935828877,c-44,197,1.1403762662807526,1.9130996695481246,3.088135059803268e-4
D,4,D4,538,d,2,FALSE,FALSE,NA,NA,oae-22,oae,NA,NA,NA,3889,oae-22,182,2.956043956043956,oae-22,197,1.1403762662807526,1.8156676897632036,4.6687263814944806e-4
D,5,D5,1002,d,2,FALSE,FALSE,NA,NA,oae-46,oae,NA,NA,NA,5282,oae-46,196,5.112244897959184,oae-46,197,1.1403762662807526,3.971868631678431,7.519630124343868e-4
D,6,D6,823,d,2,FALSE,FALSE,NA,NA,c-24,control,NA,NA,NA,8062,c-24,202,4.074257425742574,c-24,197,1.1403762662807526,2.933881159461821,3.639148051924859e-4
A,1,A1,875,d,2.5,FALSE,FALSE,NA,NA,oae-02,oae,NA,NA,NA,8910,oae-02,190,4.605263157894737,oae-02,202,1.1693198263386397,3.435943331556097,3.856277588727382e-4
A,2,A2,834,d,2.5,FALSE,FALSE,NA,NA,oae-26,oae,NA,NA,NA,9941,oae-26,202,4.128712871287129,oae-26,202,1.1693198263386397,2.959393044948489,2.97695709179005e-4
A,4,A4,1471,d,2.5,FALSE,FALSE,NA,NA,c-04,control,NA,NA,NA,9031,c-04,229,6.423580786026201,c-04,202,1.1693198263386397,5.254260959687561,5.818027859248767e-4
A,5,A5,1209,d,2.5,FALSE,FALSE,NA,NA,c-28,control,NA,NA,NA,8334,c-28,219,5.52054794520548,c-28,202,1.1693198263386397,4.35122811886684,5.221056058155555e-4
A,6,A6,869,d,2.5,FALSE,FALSE,NA,NA,oae-06,oae,NA,NA,NA,6207,oae-06,209,4.157894736842105,oae-06,202,1.1693198263386397,2.9885749105034654,4.81484599726674e-4
B,1,B1,878,d,2.5,FALSE,FALSE,NA,NA,oae-30,oae,NA,NA,NA,7118,oae-30,195,4.5025641025641026,oae-30,202,1.1693198263386397,3.3332442762254626,4.6828382638739287e-4
B,2,B2,985,d,2.5,FALSE,FALSE,NA,NA,c-08,control,NA,NA,NA,8562,c-08,209,4.712918660287081,c-08,202,1.1693198263386397,3.543598833948441,4.138751265999114e-4
B,3,B3,499,d,2.5,FALSE,FALSE,NA,NA,c-32,control,NA,NA,NA,5622,c-32,188,2.654255319148936,c-32,202,1.1693198263386397,1.4849354928102965,2.641294010690673e-4
B,4,B4,804,d,2.5,FALSE,FALSE,NA,NA,oae-10,oae,NA,NA,NA,8804,oae-10,221,3.6380090497737556,oae-10,202,1.1693198263386397,2.468689223435116,2.804054092952199e-4
B,5,B5,735,d,2.5,FALSE,FALSE,NA,NA,oae-34,oae,NA,NA,NA,4498,oae-34,197,3.730964467005076,oae-34,202,1.1693198263386397,2.5616446406664366,5.695074790276649e-4
B,6,B6,1208,d,2.5,FALSE,FALSE,NA,NA,c-12,control,NA,NA,NA,9226,c-12,220,5.490909090909091,c-12,202,1.1693198263386397,4.321589264570451,4.684141843236995e-4
C,1,C1,645,d,2.5,FALSE,FALSE,NA,NA,c-36,control,NA,NA,NA,7094,c-36,193,3.3419689119170983,c-36,202,1.1693198263386397,2.172649085578459,3.062657295712516e-4
C,2,C2,602,d,2.5,FALSE,FALSE,NA,NA,oae-14,oae,NA,NA,NA,6051,oae-14,190,3.168421052631579,oae-14,202,1.1693198263386397,1.9991012262929393,3.30375347263748e-4
C,3,C3,920,d,2.5,FALSE,FALSE,NA,NA,oae-38,oae,NA,NA,NA,5493,oae-38,227,4.052863436123348,oae-38,202,1.1693198263386397,2.8835436097847085,5.249487729446037e-4
C,4,C4,1843,d,2.5,FALSE,FALSE,NA,NA,c-16,control,NA,NA,NA,9971,c-16,247,7.461538461538462,c-16,202,1.1693198263386397,6.292218635199822,6.310519140707875e-4
C,5,C5,905,d,2.5,FALSE,FALSE,NA,NA,c-40,control,NA,NA,NA,10022,c-40,200,4.525,c-40,202,1.1693198263386397,3.3556801736613604,3.3483138831184997e-4
C,6,C6,1191,d,2.5,FALSE,FALSE,NA,NA,oae-18,oae,NA,NA,NA,5317,oae-18,186,6.403225806451613,oae-18,202,1.1693198263386397,5.233905980112973,9.843720105535026e-4
D,1,D1,922,d,2.5,FALSE,FALSE,NA,NA,oae-42,oae,NA,NA,NA,10521,oae-42,204,4.519607843137255,oae-42,202,1.1693198263386397,3.350288016798615,3.184381728731694e-4
D,2,D2,599,d,2.5,FALSE,FALSE,NA,NA,c-20,control,NA,NA,NA,8046,c-20,188,3.1861702127659575,c-20,202,1.1693198263386397,2.0168503864273175,2.5066497469889603e-4
D,3,D3,698,d,2.5,FALSE,FALSE,NA,NA,c-44,control,NA,NA,NA,6195,c-44,187,3.732620320855615,c-44,202,1.1693198263386397,2.563300494516975,4.1376924850960046e-4
D,4,D4,581,d,2.5,FALSE,FALSE,NA,NA,oae-22,oae,NA,NA,NA,3889,oae-22,182,3.1923076923076925,oae-22,202,1.1693198263386397,2.0229878659690526,5.201820174772571e-4
D,5,D5,1129,d,2.5,FALSE,FALSE,NA,NA,oae-46,oae,NA,NA,NA,5282,oae-46,196,5.760204081632653,oae-46,202,1.1693198263386397,4.5908842552940134,8.691564284918617e-4
D,6,D6,921,d,2.5,FALSE,FALSE,NA,NA,c-24,control,NA,NA,NA,8062,c-24,202,4.5594059405940595,c-24,202,1.1693198263386397,3.3900861142554195,4.2050187475259484e-4
A,1,A1,966,d,3,FALSE,FALSE,NA,NA,oae-02,oae,NA,NA,NA,8910,oae-02,190,5.08421052631579,oae-02,211,1.2214182344428364,3.862792291872953,4.335344884256962e-4
A,2,A2,901,d,3,FALSE,FALSE,NA,NA,oae-26,oae,NA,NA,NA,9941,oae-26,202,4.46039603960396,oae-26,211,1.2214182344428364,3.2389778051611238,3.2582011921950747e-4
A,4,A4,1619,d,3,FALSE,FALSE,NA,NA,c-04,control,NA,NA,NA,9031,c-04,229,7.069868995633188,c-04,211,1.2214182344428364,5.848450761190351,6.475972496058412e-4
A,5,A5,1357,d,3,FALSE,FALSE,NA,NA,c-28,control,NA,NA,NA,8334,c-28,219,6.19634703196347,c-28,211,1.2214182344428364,4.974928797520634,5.969437002064595e-4
A,6,A6,943,d,3,FALSE,FALSE,NA,NA,oae-06,oae,NA,NA,NA,6207,oae-06,209,4.511961722488039,oae-06,211,1.2214182344428364,3.290543488045202,5.301342819470279e-4
B,1,B1,972,d,3,FALSE,FALSE,NA,NA,oae-30,oae,NA,NA,NA,7118,oae-30,195,4.984615384615385,oae-30,211,1.2214182344428364,3.763197150172548,5.28687433292013e-4
B,2,B2,1093,d,3,FALSE,FALSE,NA,NA,c-08,control,NA,NA,NA,8562,c-08,209,5.229665071770335,c-08,211,1.2214182344428364,4.008246837327499,4.681437558196097e-4
B,3,B3,535,d,3,FALSE,FALSE,NA,NA,c-32,control,NA,NA,NA,5622,c-32,188,2.845744680851064,c-32,211,1.2214182344428364,1.6243264464082274,2.8892323842195434e-4
B,4,B4,860,d,3,FALSE,FALSE,NA,NA,oae-10,oae,NA,NA,NA,8804,oae-10,221,3.8914027149321266,oae-10,211,1.2214182344428364,2.6699844804892905,3.0326947756579854e-4
B,5,B5,790,d,3,FALSE,FALSE,NA,NA,oae-34,oae,NA,NA,NA,4498,oae-34,197,4.01015228426396,oae-34,211,1.2214182344428364,2.788734049821123,6.199942307294627e-4
B,6,B6,1355,d,3,FALSE,FALSE,NA,NA,c-12,control,NA,NA,NA,9226,c-12,220,6.159090909090909,c-12,211,1.2214182344428364,4.937672674648073,5.351910551320261e-4
C,1,C1,753,d,3,FALSE,FALSE,NA,NA,c-36,control,NA,NA,NA,7094,c-36,193,3.901554404145078,c-36,211,1.2214182344428364,2.6801361697022417,3.7780323790558804e-4
C,2,C2,688,d,3,FALSE,FALSE,NA,NA,oae-14,oae,NA,NA,NA,6051,oae-14,190,3.6210526315789475,oae-14,211,1.2214182344428364,2.3996343971361114,3.9656823618180656e-4
C,3,C3,1011,d,3,FALSE,FALSE,NA,NA,oae-38,oae,NA,NA,NA,5493,oae-38,227,4.453744493392071,oae-38,211,1.2214182344428364,3.232326258949234,5.884446129527097e-4
C,4,C4,2069,d,3,FALSE,FALSE,NA,NA,c-16,control,NA,NA,NA,9971,c-16,247,8.376518218623481,c-16,211,1.2214182344428364,7.155099984180644,7.175910123538908e-4
C,5,C5,1109,d,3,FALSE,FALSE,NA,NA,c-40,control,NA,NA,NA,10022,c-40,200,5.545,c-40,211,1.2214182344428364,4.323581765557163,4.3140907658722447e-4
C,6,C6,1296,d,3,FALSE,FALSE,NA,NA,oae-18,oae,NA,NA,NA,5317,oae-18,186,6.967741935483871,oae-18,211,1.2214182344428364,5.746323701041034,0.0010807454769684098
D,1,D1,1010,d,3,FALSE,FALSE,NA,NA,oae-42,oae,NA,NA,NA,10521,oae-42,204,4.950980392156863,oae-42,211,1.2214182344428364,3.7295621577140263,3.544874211305034e-4
D,2,D2,719,d,3,FALSE,FALSE,NA,NA,c-20,control,NA,NA,NA,8046,c-20,188,3.824468085106383,c-20,211,1.2214182344428364,2.603049850663546,3.235209856653674e-4
D,3,D3,838,d,3,FALSE,FALSE,NA,NA,c-44,control,NA,NA,NA,6195,c-44,187,4.481283422459893,c-44,211,1.2214182344428364,3.2598651880170566,5.2620906989783e-4
D,4,D4,656,d,3,FALSE,FALSE,NA,NA,oae-22,oae,NA,NA,NA,3889,oae-22,182,3.6043956043956045,oae-22,211,1.2214182344428364,2.3829773699527683,6.127481023277882e-4
D,5,D5,1215,d,3,FALSE,FALSE,NA,NA,oae-46,oae,NA,NA,NA,5282,oae-46,196,6.198979591836735,oae-46,211,1.2214182344428364,4.977561357393898,0.00094236299837067365
D,6,D6,1001,d,3,FALSE,FALSE,NA,NA,c-24,control,NA,NA,NA,8062,c-24,202,4.955445544554456,c-24,211,1.2214182344428364,3.7340273101116193,4.631638935886404e-4
