metric,family_id_group,treatment_group,n,mean,sd,se,median
metabolism_per_area_mm2_measurement,1,NA,18,0.002336890928143654,6.641362965270193e-4,1.5653842630212504e-4,0.0023576668564725296
metabolism_per_area_mm2_measurement,10,NA,18,0.0026549312311381556,8.164524127592954e-4,1.9243967919273865e-4,0.002663016222239986
metabolism_per_area_mm2_measurement,2,NA,18,0.003317057003423795,0.0020943651810357584,4.93646607263792e-4,0.0023288449812256737
metabolism_per_area_mm2_measurement,3,NA,18,0.0037655956798637665,0.0017582445300210227,4.144222100540065e-4,0.003534539788643226
metabolism_per_area_mm2_measurement,5,NA,18,0.0032371795292625437,0.002100261485012931,4.950363794391907e-4,0.002681919504054649
metabolism_per_area_mm2_measurement,6,NA,18,0.0031327729217120806,0.0026021044873404623,6.13321909451462e-4,0.002239618950907599
metabolism_per_area_mm2_measurement,7,NA,18,0.0032438536403769595,0.001981575599686343,4.670618479906709e-4,0.0032664899088907856
metabolism_per_area_mm2_measurement,8,NA,18,0.0029426116453470375,0.0011058936713473915,2.606616380936759e-4,0.0024957950437314966
metabolism_per_area_mm2_measurement,9,NA,18,0.0030513929390530736,0.001188442298484526,2.8011853610244514e-4,0.002676487958225765
