trace_id,treatment_group,area_mm2_measurement,baseline_value,final_value,peak_value,trough_value,time_to_peak,time_to_trough,auc_total,auc_early,auc_late,delta_auc_late_minus_early,late_early_auc_ratio,initial_slope,vmax,time_to_vmax,min_slope,time_to_min_slope,inflection_time,metabolic_scope,final_delta,depression_abs,metabolic_depression_index,resilience_ratio,stability_cv,trajectory_class,n_timepoints,window,value_metric
c-a01,c,93.7,1,5.096153846153846,5.096153846153846,1,2,0,7.275480769230769,1.5158653846153844,5.759615384615385,4.24375,3.7995559784332387,1.3384615384615373,4.846153846153847,0.375,0.6307692307692303,1.5,1.5,4.096153846153846,4.096153846153846,0,0,1,0.5566647336355055,monotonic_increase,6,acute_0_2h,fold_change
c-a02,c,180.7,1,2.068345323741007,2.068345323741007,1,2,0,2.87455035971223,0.8232913669064748,2.051258992805755,1.2279676258992804,2.4915346805024576,0.23021582733812984,0.6906474820143884,1.5,0.21582733812949595,0.375,0.625,1.0683453237410072,1.0683453237410072,0,0,1,0.301899691481996,monotonic_increase,6,acute_0_2h,fold_change
c-a03,c,114,1,4.111538461538461,4.111538461538461,0.9769230769230768,2,0.25,3.9899038461538456,0.7711538461538462,3.2187499999999996,2.4475961538461535,4.173940149625935,-0.09230769230769287,2.4999999999999996,1.5,-0.09230769230769287,0.125,1.5,3.111538461538461,3.111538461538461,0,0,1,0.7420316332514909,depress_then_recover,6,acute_0_2h,fold_change
c-a04,c,178.6,1,2.2384341637010676,2.2384341637010676,1,2,0,2.833185053380783,0.7775800711743773,2.0556049822064058,1.2780249110320283,2.6435926773455374,0,0.9644128113879005,1.5,0,0.125,1.5,1.2384341637010676,1.2384341637010676,0,0,1,0.37511570409433004,monotonic_increase,6,acute_0_2h,fold_change
c-b01,c,145.4,1,8.137184115523466,8.137184115523466,0.9855595667870036,2,0.25,7.608303249097473,0.8862815884476535,6.722021660649819,5.8357400722021655,7.584521384928716,-0.05776173285198549,6.671480144404333,0.875,-0.05776173285198549,0.125,0.625,7.137184115523466,7.137184115523466,0,0,1,0.9909935633187739,depress_then_recover,6,acute_0_2h,fold_change
c-b02,c,187.3,1,14.236421725239616,14.236421725239616,1,2,0,13.011581469648561,1.1242012779552715,11.88738019169329,10.76317891373802,10.574067495559504,0.11501597444089473,12.702875399361025,0.875,0.11501597444089473,0.125,0.625,13.236421725239616,13.236421725239616,0,0,1,1.1215159705577702,monotonic_increase,6,acute_0_2h,fold_change
c-b03,c,109,1,1.2386363636363635,1.2386363636363635,1,2,0,2.162878787878788,0.7509469696969697,1.4119318181818181,0.6609848484848484,1.880201765447667,0.015151515151515582,0.2727272727272716,0.875,-0.015151515151515582,0.375,0.875,0.23863636363636354,0.23863636363636354,0,0,1,0.0907296212614222,rise_then_depress,6,acute_0_2h,fold_change
c-b04,c,117.8,1,7.584269662921348,7.584269662921348,1,2,0,8.823033707865168,1.672752808988764,7.150280898876404,5.47752808988764,4.274559193954659,3.235955056179776,4.808988764044942,0.875,2.906367041198502,1.5,1.5,6.584269662921348,6.584269662921348,0,0,1,0.668893107893098,monotonic_increase,6,acute_0_2h,fold_change
c-c01,c,153,1,7.5661764705882355,7.5661764705882355,1,2,0,9.955882352941176,1.887408088235294,8.068474264705882,6.181066176470589,4.274896518139761,1.8088235294117645,7.867647058823529,0.375,1.5808823529411766,1.5,0.375,6.5661764705882355,6.5661764705882355,0,0,1,0.6443456732338776,monotonic_increase,6,acute_0_2h,fold_change
c-c02,c,118.7,1,9.790035587188612,9.790035587188612,1,2,0,10.681049822064058,1.8794483985765122,8.801601423487545,6.922153024911033,4.683076923076924,3.2597864768683262,5.665480427046262,0.875,3.2597864768683262,0.125,0.875,8.790035587188612,8.790035587188612,0,0,1,0.7492620769718014,monotonic_increase,6,acute_0_2h,fold_change
c-c03,c,153.6,1,9.780575539568344,9.780575539568344,1,2,0,9.252248201438848,1.0256294964028778,8.226618705035971,7.200989208633093,8.021043402016659,0.0719424460431668,7.280575539568346,0.875,0.0719424460431668,0.125,0.625,8.780575539568344,8.780575539568344,0,0,1,1.003784888471436,monotonic_increase,6,acute_0_2h,fold_change
c-c04,c,146,1,2,2,1,2,0,2.93017578125,0.80615234375,2.1240234375,1.31787109375,2.6347668079951543,0.0625,1.4375,0.875,0.0625,0.125,0.875,1,1,0,0,1,0.29929574210863863,monotonic_increase,6,acute_0_2h,fold_change
r-a01,r,92.4,1,5.874509803921568,5.874509803921568,1,2,0,6.8014705882352935,1.4034313725490197,5.398039215686274,3.9946078431372545,3.8463150541390143,2.4784313725490197,2.7607843137254893,0.875,2.0862745098039213,0.375,0.875,4.874509803921568,4.874509803921568,0,0,1,0.618492584220635,monotonic_increase,6,acute_0_2h,fold_change
r-a02,r,137.3,1,2.037174721189591,2.037174721189591,1,2,0,2.7913568773234196,0.7718401486988847,2.0195167286245352,1.2476765799256504,2.616496086694762,0.11895910780669183,1.159851301115241,0.875,-0.07434944237918284,0.375,0.875,1.037174721189591,1.037174721189591,0,0,1,0.3235318714527885,rise_then_depress,6,acute_0_2h,fold_change
r-a03,r,101.4,1,2.1992337164750957,2.1992337164750957,0.9578544061302682,2,0.5,2.622605363984674,0.7308429118773946,1.8917624521072796,1.160919540229885,2.5884665792922674,-0.12260536398467448,1.1302681992337165,1.5,-0.12260536398467448,0.125,1.5,1.1992337164750957,1.1992337164750957,0,0,1,0.4107420095550917,depress_then_recover,6,acute_0_2h,fold_change
r-a04,r,85.3,1,3.2576923076923077,3.2576923076923077,0.9807692307692308,2,0.25,3.276923076923077,0.75,2.526923076923077,1.7769230769230768,3.3692307692307693,-0.07692307692307665,2.0346153846153845,1.5,-0.07692307692307665,0.125,1.5,2.2576923076923077,2.2576923076923077,0,0,1,0.6378784394987673,depress_then_recover,6,acute_0_2h,fold_change
r-b01,r,212.8,1,3.789808917197452,3.789808917197452,1,2,0,4.428343949044586,0.9928343949044586,3.4355095541401273,2.4426751592356686,3.4603047313552526,0.662420382165605,1.6815286624203818,1.5,0.662420382165605,0.125,0.625,2.789808917197452,2.789808917197452,0,0,1,0.5439132361734496,monotonic_increase,6,acute_0_2h,fold_change
r-b02,r,112.6,1,9.642105263157896,9.642105263157896,1,2,0,10.296929824561404,1.7289473684210526,8.567982456140351,6.8390350877192985,4.95560629122273,2.9614035087719293,5.066666666666668,0.875,2.9614035087719293,0.125,0.625,8.642105263157896,8.642105263157896,0,0,1,0.7755613785660513,monotonic_increase,6,acute_0_2h,fold_change
r-b03,r,120.4,1,5.688644688644689,5.688644688644689,0.989010989010989,2,0.25,5.1712454212454215,0.7889194139194139,4.382326007326007,3.5934065934065935,5.5548461984910045,-0.0439560439560438,3.4945054945054945,1.5,-0.0439560439560438,0.125,0.875,4.688644688644689,4.688644688644689,0,0,1,0.9092098095138309,depress_then_recover,6,acute_0_2h,fold_change
r-b04,r,100.1,1,3.977011494252874,3.977011494252874,0.9578544061302682,2,0.5,3.4683908045977008,0.728448275862069,2.7399425287356323,2.0114942528735633,3.7613412228796848,-0.12260536398467448,2.9693486590038316,1.5,-0.12260536398467448,0.125,1.5,2.977011494252874,2.977011494252874,0,0,1,0.8258912966082489,depress_then_recover,6,acute_0_2h,fold_change
r-c01,r,171.1,1,9.49,9.49,1,2,0,7.2925,1.0020833333333332,6.290416666666667,5.288333333333334,6.277338877338878,0.7733333333333334,7.363333333333333,1.5,0.7733333333333334,0.125,1.5,8.49,8.49,0,0,1,1.1604823449515291,monotonic_increase,6,acute_0_2h,fold_change
r-c02,r,142.7,1,13.3125,13.3125,1,2,0,13.157118055555555,1.988715277777778,11.168402777777779,9.1796875,5.615888258402444,4.027777777777779,7.013888888888889,1.5,4.027777777777779,0.125,0.625,12.3125,12.3125,0,0,1,0.8805530503411445,monotonic_increase,6,acute_0_2h,fold_change
r-c03,r,117.3,1,6.652985074626866,6.652985074626866,1,2,0,8.189365671641792,1.6222014925373134,6.567164179104478,4.944962686567164,4.048303622771709,3.134328358208955,4.298507462686567,0.875,2.1529850746268657,1.5,1.5,5.652985074626866,5.652985074626866,0,0,1,0.6184268896759862,monotonic_increase,6,acute_0_2h,fold_change
r-c04,r,99.2,1,13.186813186813186,13.186813186813186,1,2,0,13.503663003663004,2.0654761904761907,11.438186813186814,9.372710622710624,5.5377964974506755,4.014652014652015,7.692307692307693,0.875,4.014652014652015,0.125,0.875,12.186813186813186,12.186813186813186,0,0,1,0.8514912470486856,monotonic_increase,6,acute_0_2h,fold_change
s-a01,s,122.6,1,1.458041958041958,1.458041958041958,1,2,0,2.39729020979021,0.7788461538461539,1.618444055944056,0.8395979020979022,2.0780022446689115,0.013986013986014179,0.32167832167832167,0.875,0.013986013986014179,0.125,0.375,0.4580419580419579,0.4580419580419579,0,0,1,0.15261548812345538,monotonic_increase,6,acute_0_2h,fold_change
s-a02,s,156.2,1,1.18213058419244,1.18213058419244,1,2,0,2.163230240549828,0.7628865979381443,1.4003436426116838,0.6374570446735395,1.8355855855855856,0.027491408934707806,0.19243986254295553,0.625,0.027491408934707806,0.125,0.625,0.1821305841924401,0.1821305841924401,0,0,1,0.06543687312836842,monotonic_increase,6,acute_0_2h,fold_change
s-a03,s,139.9,1,1.6843853820598007,1.6843853820598007,0.9900332225913622,2,0.25,2.416528239202658,0.7566445182724253,1.6598837209302326,0.9032392026578073,2.193743139407245,-0.03986710963455131,0.5880398671096345,1.5,-0.03986710963455131,0.125,1.5,0.6843853820598007,0.6843853820598007,0,0,1,0.2369600673611207,depress_then_recover,6,acute_0_2h,fold_change
s-a04,s,161.7,1,4.474264705882353,4.474264705882353,1,2,0,5.724264705882353,1.261488970588235,4.462775735294118,3.2012867647058827,3.5377049180327877,1.5441176470588234,2.3676470588235308,0.875,1.4080882352941178,1.5,1.5,3.4742647058823533,3.4742647058823533,0,0,1,0.5287583978448878,monotonic_increase,6,acute_0_2h,fold_change
s-b01,s,103.1,1,1.448905109489051,1.448905109489051,1,2,0,2.3859489051094895,0.7819343065693432,1.6040145985401462,0.822080291970803,2.0513418903150527,0.02919708029197121,0.2664233576642334,1.5,0.02919708029197121,0.125,0.375,0.44890510948905105,0.44890510948905105,0,0,1,0.14786434610499552,monotonic_increase,6,acute_0_2h,fold_change
s-b02,s,96,1,3.5543859649122806,3.5543859649122806,1,2,0,4.746052631578947,1.1223684210526317,3.6236842105263154,2.5013157894736837,3.228604923798358,1.2210526315789476,1.8807017543859654,0.875,1.0140350877192983,1.5,1.5,2.5543859649122806,2.5543859649122806,0,0,1,0.45999244273890766,monotonic_increase,6,acute_0_2h,fold_change
s-b03,s,64.4,1,1.015748031496063,1.015748031496063,0.9606299212598424,2,0.5,1.9621062992125984,0.7263779527559054,1.2357283464566928,0.5093503937007874,1.701219512195122,-0.14173228346456712,0.04724409448818978,0.875,-0.14173228346456712,0.125,0.375,0.015748031496062964,0.015748031496062964,0,0,1,0.0238138530736756,depress_then_recover,6,acute_0_2h,fold_change
s-b04,s,114.2,1,5.549295774647887,5.549295774647887,1,2,0,7.19674295774648,1.455105633802817,5.741637323943662,4.286531690140845,3.9458560193587413,1,4.971830985915492,0.375,1,0.125,0.375,4.549295774647887,4.549295774647887,0,0,1,0.5928188355337878,monotonic_increase,6,acute_0_2h,fold_change
s-c01,s,117.5,1,1.894736842105263,1.894736842105263,1,2,0,2.769736842105263,0.8223684210526315,1.9473684210526314,1.125,2.368,0.1543859649122803,0.5403508771929824,1.5,0.1543859649122803,0.125,0.375,0.894736842105263,0.894736842105263,0,0,1,0.2584198521281359,monotonic_increase,6,acute_0_2h,fold_change
s-c02,s,126.5,1,6.672794117647059,6.672794117647059,1,2,0,7.158088235294118,1.3249080882352942,5.833180147058824,4.50827205882353,4.40270551508845,1.9264705882352944,3.397058823529413,0.875,1.9264705882352944,0.125,0.875,5.672794117647059,5.672794117647059,0,0,1,0.7135657894075702,monotonic_increase,6,acute_0_2h,fold_change
s-c03,s,133.9,1,2.7219101123595504,2.7219101123595504,1,2,0,4.132724719101123,1.2222612359550562,2.910463483146067,1.688202247191011,2.3812122953174373,1.3258426966292136,2.393258426966292,0.375,-0.9101123595505616,0.875,0.875,1.7219101123595504,1.7219101123595504,0,0,1,0.33253219636230347,rise_then_depress,6,acute_0_2h,fold_change
s-c04,s,213.5,1,2.2465277777777777,2.2465277777777777,0.9826388888888888,2,0.25,2.6610243055555554,0.7452256944444444,1.9157986111111112,1.1705729166666667,2.5707629586488063,-0.06944444444444464,1.1805555555555554,1.5,-0.06944444444444464,0.125,1.5,1.2465277777777777,1.2465277777777777,0,0,1,0.41554641436167433,depress_then_recover,6,acute_0_2h,fold_change
t-a01,t,66.7,1,0.9224489795918368,1,0.9224489795918368,0,1,1.8617346938775512,0.7081632653061225,1.1535714285714287,0.4454081632653062,1.6289625360230549,-0.24489795918367374,0,1.5,-0.24489795918367374,0.125,0.375,0,-0.0775510204081632,0.0775510204081632,NA,0.9224489795918368,0.03186421752711519,monotonic_decrease,6,acute_0_2h,fold_change
t-a02,t,159.7,1,0.978021978021978,1,0.956043956043956,0,0.75,1.9313186813186811,0.7252747252747253,1.206043956043956,0.4807692307692307,1.6628787878787878,-0.14652014652014644,0.02197802197802201,1.5,-0.14652014652014644,0.125,0.375,0,-0.02197802197802201,0.02197802197802201,NA,0.978021978021978,0.017853639248571054,depress_then_recover,6,acute_0_2h,fold_change
t-a03,t,165.2,1,1.027972027972028,1.027972027972028,0.965034965034965,2,0.25,1.9807692307692308,0.7316433566433567,1.2491258741258742,0.5174825174825175,1.7072879330943846,-0.13986013986014,0.06993006993007045,0.625,-0.13986013986014,0.125,0.375,0.027972027972027913,0.027972027972027913,0,0,1,0.0236665694165618,depress_then_recover,6,acute_0_2h,fold_change
t-a04,t,135.1,1,4.316793893129771,4.316793893129771,1,2,0,4.957538167938932,0.9584923664122138,3.9990458015267176,3.0405534351145036,4.172224987555998,0.3969465648854964,2.580152671755725,0.625,0.3969465648854964,0.125,0.625,3.3167938931297707,3.3167938931297707,0,0,1,0.6243533180643077,monotonic_increase,6,acute_0_2h,fold_change
t-b01,t,97.6,1,0.9442231075697212,1,0.9442231075697212,0,1,1.901394422310757,0.7206175298804781,1.1807768924302788,0.4601593625498007,1.6385625431928126,-0.17529880478087678,0,1.5,-0.17529880478087678,0.125,0.375,0,-0.055776892430278835,0.055776892430278835,NA,0.9442231075697212,0.02227791734286961,monotonic_decrease,6,acute_0_2h,fold_change
t-b02,t,134.1,1,1.0034843205574913,1.0034843205574913,0.9790940766550522,2,0.75,1.979965156794425,0.7395470383275261,1.240418118466899,0.5008710801393729,1.6772673733804477,-0.06968641114982566,0.02787456445993053,0.875,-0.06968641114982566,0.125,0.375,0.0034843205574912606,0.0034843205574912606,0,0,1,0.009959250439247147,depress_then_recover,6,acute_0_2h,fold_change
t-b03,t,100.3,1,1.01171875,1.01171875,0.9765625,2,0.5,1.9755859375,0.73681640625,1.23876953125,0.501953125,1.681245858184228,-0.078125,0.03515625,1.5,-0.078125,0.125,0.375,0.01171875,0.01171875,0,0,1,0.014886736704859873,depress_then_recover,6,acute_0_2h,fold_change
t-b04,t,104.5,1,4.23015873015873,4.23015873015873,1,2,0,5.019345238095238,0.9915674603174602,4.027777777777778,3.036210317460317,4.062031015507754,0.07936507936507908,4.285714285714287,0.625,0.07936507936507908,0.125,0.875,3.2301587301587302,3.2301587301587302,0,0,1,0.6050861548048347,monotonic_increase,6,acute_0_2h,fold_change
t-c01,t,128.2,1,0.9227799227799228,1,0.9227799227799228,0,1,1.861003861003861,0.707046332046332,1.153957528957529,0.44691119691119696,1.6320819112627987,-0.2779922779922783,0.015444015444015857,0.375,-0.2779922779922783,0.125,0.375,0,-0.07722007722007718,0.07722007722007718,NA,0.9227799227799228,0.03190340082851425,depress_then_recover,6,acute_0_2h,fold_change
t-c02,t,168,1,0.9736842105263158,1,0.9661654135338346,0,0.25,1.9421992481203008,0.7302631578947368,1.211936090225564,0.4816729323308272,1.6595881595881599,-0.13533834586466176,0.015037593984962516,0.375,-0.13533834586466176,0.125,0.375,0,-0.02631578947368418,0.02631578947368418,NA,0.9736842105263158,0.013235720341801097,depress_then_recover,6,acute_0_2h,fold_change
t-c03,t,181.4,1,3.6373626373626378,3.6373626373626378,1,2,0,3.4743589743589745,0.7641941391941391,2.7101648351648353,1.9459706959706962,3.5464349910125827,0.0293040293040292,2.424908424908425,1.5,0.0293040293040292,0.125,1.5,2.6373626373626378,2.6373626373626378,0,0,1,0.7078697530127769,monotonic_increase,6,acute_0_2h,fold_change
t-c04,t,73.2,1,5.244525547445256,5.244525547445256,1,2,0,6.470346715328468,1.344434306569343,5.125912408759124,3.781478102189781,3.8126908720732953,1.5766423357664232,2.788321167883212,0.375,1.5766423357664232,0.125,0.375,4.244525547445256,4.244525547445256,0,0,1,0.5822543566341125,monotonic_increase,6,acute_0_2h,fold_change
u-a01,u,77.3,1,2.5396825396825395,2.5396825396825395,1,2,0,3.9414682539682535,1.003472222222222,2.9379960317460316,1.9345238095238095,2.9278299555116165,0.5714285714285712,1.8571428571428568,0.875,0.23809523809523814,1.5,1.5,1.5396825396825395,1.5396825396825395,0,0,1,0.364399430126895,monotonic_increase,6,acute_0_2h,fold_change
u-a02,u,176.4,1,3.3087719298245615,3.3087719298245615,0.9964912280701754,2,0.25,4.676754385964912,1.0013157894736844,3.675438596491228,2.674122807017544,3.670608848007008,-0.01403508771929829,3.03157894736842,0.875,-0.01403508771929829,0.125,1.5,2.3087719298245615,2.3087719298245615,0,0,1,0.49611055028595896,depress_then_recover,6,acute_0_2h,fold_change
u-a03,u,132.6,1,1.01953125,1.01953125,0.9765625,2,0.25,1.9853515625,0.73779296875,1.24755859375,0.509765625,1.6909331568497683,-0.09375,0.03515625,1.5,-0.09375,0.125,0.375,0.01953125,0.01953125,0,0,1,0.016285869524131056,depress_then_recover,6,acute_0_2h,fold_change
u-a04,u,215.9,1,1.4610169491525424,1.4610169491525424,1,2,0,2.4622881355932202,0.7902542372881356,1.6720338983050849,0.8817796610169493,2.1158176943699734,0.06779661016949134,0.4610169491525422,0.875,0.06779661016949134,0.125,1.5,0.46101694915254243,0.46101694915254243,0,0,1,0.1533206187405981,monotonic_increase,6,acute_0_2h,fold_change
u-b01,u,125.6,1,4.8435374149659864,4.8435374149659864,1,2,0,5.224914965986395,1.0778061224489797,4.147108843537415,3.0693027210884356,3.8477317554240633,1.0476190476190483,2.479591836734694,1.5,1.0476190476190483,0.125,1.5,3.8435374149659864,3.8435374149659864,0,0,1,0.6452737349394374,monotonic_increase,6,acute_0_2h,fold_change
u-b02,u,169.8,1,2.3620071684587813,2.3620071684587813,1,2,0,3.3508064516129035,0.9229390681003585,2.427867383512545,1.5049283154121862,2.6305825242718446,0.602150537634409,0.8745519713261638,0.875,0.602150537634409,0.125,1.5,1.3620071684587813,1.3620071684587813,0,0,1,0.3261366959843085,monotonic_increase,6,acute_0_2h,fold_change
u-b03,u,114.4,1,1.4233576642335766,1.4233576642335766,0.978102189781022,2,0.25,2.291058394160584,0.7472627737226278,1.5437956204379564,0.7965328467153285,2.0659340659340657,-0.08759124087591186,0.3503649635036501,0.875,-0.08759124087591186,0.125,0.875,0.42335766423357657,0.42335766423357657,0,0,1,0.15599106587517705,depress_then_recover,6,acute_0_2h,fold_change
u-b04,u,85.4,1,1.0038022813688212,1.0038022813688212,0.9543726235741444,2,0.75,1.9477186311787071,0.7252851711026616,1.2224334600760456,0.49714828897338403,1.6854521625163827,-0.13688212927756638,0.04182509505703402,1.5,-0.13688212927756638,0.125,0.375,0.0038022813688212143,0.0038022813688212143,0,0,1,0.022549337886460564,depress_then_recover,6,acute_0_2h,fold_change
u-c01,u,150.7,1,6.341818181818182,6.341818181818182,1,2,0,8.07090909090909,1.5890909090909093,6.481818181818182,4.892727272727273,4.078947368421052,2.8218181818181822,4.799999999999999,0.875,1.7272727272727275,1.5,1.5,5.341818181818182,5.341818181818182,0,0,1,0.6077470875255458,monotonic_increase,6,acute_0_2h,fold_change
u-c02,u,156.6,1,1.4219269102990033,1.4219269102990033,1,2,0,2.6428571428571423,0.9584717607973421,1.6843853820598005,0.7259136212624584,1.75736568457539,1.5681063122923584,1.5681063122923584,0.125,-0.38538205980066387,0.375,0.375,0.4219269102990033,0.4219269102990033,0,0,1,0.11649314465871781,rise_then_depress,6,acute_0_2h,fold_change
u-c03,u,162.1,1,1.0545454545454545,1.0545454545454545,0.9818181818181818,2,0.25,2.0240909090909094,0.740909090909091,1.2831818181818182,0.5422727272727272,1.7319018404907975,-0.07272727272727275,0.07272727272727275,0.875,-0.07272727272727275,0.125,0.375,0.05454545454545445,0.05454545454545445,0,0,1,0.02664985173907009,depress_then_recover,6,acute_0_2h,fold_change
u-c04,u,107.5,1,0.9632352941176472,1,0.9632352941176472,0,0.75,1.933823529411765,0.7297794117647058,1.2040441176470589,0.47426470588235303,1.6498740554156173,-0.11764705882352944,0,0.875,-0.11764705882352944,0.125,0.375,0,-0.03676470588235281,0.03676470588235281,NA,0.9632352941176472,0.014839245476812105,monotonic_decrease,6,acute_0_2h,fold_change
v-a01,v,133.1,1,9.465201465201464,9.465201465201464,1,2,0,12.530677655677653,2.3594322344322345,10.17124542124542,7.811813186813185,4.310886862022122,4.820512820512821,8.117216117216117,0.875,1.8754578754578741,1.5,1.5,8.465201465201464,8.465201465201464,0,0,1,0.6490194535191159,monotonic_increase,6,acute_0_2h,fold_change
v-a02,v,82,1,3.5349794238683128,3.5349794238683128,0.9958847736625516,2,0.25,4.418724279835391,0.9542181069958848,3.4645061728395063,2.5102880658436213,3.6307277628032346,-0.01646090534979372,2.419753086419753,0.625,-0.01646090534979372,0.125,0.375,2.5349794238683128,2.5349794238683128,0,0,1,0.5260875657109366,depress_then_recover,6,acute_0_2h,fold_change
v-a03,v,130.7,1,4.507575757575758,4.507575757575758,1,2,0,5.258049242424242,1.0804924242424243,4.177556818181818,3.097064393939394,3.866345311130587,0.4848484848484844,2.712121212121213,0.875,0.4848484848484844,0.125,0.375,3.507575757575758,3.507575757575758,0,0,1,0.5993053515456753,monotonic_increase,6,acute_0_2h,fold_change
v-a04,v,103,1,3.8072289156626504,3.8072289156626504,0.9919678714859438,2,0.25,4.492469879518072,0.8815261044176707,3.6109437751004014,2.729417670682731,4.09624145785877,-0.032128514056224855,3.004016064257028,0.875,-0.032128514056224855,0.125,1.5,2.8072289156626504,2.8072289156626504,0,0,1,0.5964519335877394,depress_then_recover,6,acute_0_2h,fold_change
v-b01,v,91.3,1,4.096899224806202,4.096899224806202,0.9534883720930232,2,0.25,4.928779069767442,0.9098837209302324,4.0188953488372094,3.109011627906977,4.416932907348244,-0.1860465116279073,3.271317829457363,0.875,-0.1860465116279073,0.125,1.5,3.0968992248062017,3.0968992248062017,0,0,1,0.621773292279637,depress_then_recover,6,acute_0_2h,fold_change
v-b02,v,177.4,1,5.411111111111111,5.411111111111111,0.9814814814814816,2,0.25,4.642592592592592,0.750462962962963,3.89212962962963,3.141666666666667,5.186304750154226,-0.07407407407407351,3.7222222222222223,1.5,-0.07407407407407351,0.125,0.875,4.411111111111111,4.411111111111111,0,0,1,0.9512145047393545,depress_then_recover,6,acute_0_2h,fold_change
v-b03,v,123.4,1,5.844202898550725,5.844202898550725,1,2,0,6.94338768115942,1.3473731884057971,5.596014492753623,4.248641304347826,4.15327731092437,1.2318840579710146,3.7391304347826075,0.875,1.2318840579710146,0.125,0.375,4.844202898550725,4.844202898550725,0,0,1,0.6361753565544651,monotonic_increase,6,acute_0_2h,fold_change
v-b04,v,131.1,1,2.9798387096774195,2.9798387096774195,1,2,0,3.683971774193548,0.8533266129032258,2.8306451612903225,1.9773185483870968,3.3171884229178974,0.016129032258064946,1.435483870967742,0.625,0.016129032258064946,0.125,0.625,1.9798387096774195,1.9798387096774195,0,0,1,0.4800287215597066,monotonic_increase,6,acute_0_2h,fold_change
v-c01,v,154.6,1,12.484962406015038,12.484962406015038,1,2,0,13.303571428571427,2.093515037593985,11.210056390977442,9.116541353383457,5.354657687991021,3.50375939849624,7.233082706766918,0.875,3.50375939849624,0.125,0.375,11.484962406015038,11.484962406015038,0,0,1,0.8152971490109683,monotonic_increase,6,acute_0_2h,fold_change
v-c02,v,113.7,1,3.9488188976377954,3.9488188976377954,1,2,0,4.710629921259843,0.9330708661417323,3.77755905511811,2.844488188976378,4.048523206751055,0.06299212598425186,2.9606299212598426,0.875,0.06299212598425186,0.125,1.5,2.9488188976377954,2.9488188976377954,0,0,1,0.5906393042376686,monotonic_increase,6,acute_0_2h,fold_change
v-c03,v,227.6,1,2.9190140845070425,2.9190140845070425,1,2,0,3.686619718309859,0.9163732394366197,2.7702464788732395,1.8538732394366197,3.0230547550432276,0.549295774647887,1.323943661971831,0.875,0.549295774647887,0.125,0.875,1.9190140845070425,1.9190140845070425,0,0,1,0.43787045824975857,monotonic_increase,6,acute_0_2h,fold_change
v-c04,v,163.5,1,3.9185185185185185,3.9185185185185185,1,2,0,4.511111111111111,0.9027777777777777,3.6083333333333334,2.7055555555555557,3.9969230769230775,0.02962962962962923,3.4074074074074074,0.625,0.02962962962962923,0.125,0.625,2.9185185185185185,2.9185185185185185,0,0,1,0.6034733261724681,monotonic_increase,6,acute_0_2h,fold_change
c-a01,c,93.7,0.01067235859124866,0.05438798128232493,0.05438798128232493,0.01067235859124866,2,0,0.07764653969296444,0.016177858960676462,0.06146868073228798,0.04529082177161152,3.799555978433238,0.014284541499055926,0.05171989163451275,0.375,0.00673179541909532,1.5,1.5,0.04371562269107627,0.04371562269107627,0,0,1,0.5566647336355054,monotonic_increase,6,acute_0_2h,metabolism_per_area_mm2_measurement
c-a02,c,180.7,0.00553403431101272,0.01144629398860546,0.01144629398860546,0.00553403431101272,2,0,0.015907860319381455,0.0045561226724209975,0.011351737646960458,0.006795614974539461,2.4915346805024585,0.001274022287427401,0.003822066862282169,1.5,0.0011943958944631988,0.375,0.625,0.005912259677592739,0.005912259677592739,0,0,1,0.30189969148199625,monotonic_increase,6,acute_0_2h,metabolism_per_area_mm2_measurement
c-a03,c,114,0.0087719298245614,0.03606612685560054,0.03606612685560054,0.00856950067476383,2,0.25,0.03499915654520917,0.006764507422402158,0.028234649122807015,0.021470141700404857,4.173940149625936,-8.097165991902758e-4,0.021929824561403508,1.5,-8.097165991902758e-4,0.125,1.5,0.02729419703103914,0.02729419703103914,0,0,1,0.7420316332514911,depress_then_recover,6,acute_0_2h,metabolism_per_area_mm2_measurement
c-a04,c,178.6,0.00559910414333706,0.01253322600056588,0.01253322600056588,0.00559910414333706,2,0,0.015863298171224977,0.0043537517982887835,0.011509546372936195,0.007155794574647411,2.643592677345538,0,0.005399847768129341,1.5,0,0.125,1.5,0.006934121857228821,0.006934121857228821,0,0,1,0.3751157040943301,monotonic_increase,6,acute_0_2h,metabolism_per_area_mm2_measurement
c-b01,c,145.4,0.00687757909215955,0.05596412734197707,0.05596412734197707,0.00677826387061212,2,0.25,0.05232670735280242,0.006095471722473539,0.04623123563032888,0.040135763907855344,7.584521384928724,-3.972608861897188e-4,0.045883632354912884,0.875,-3.972608861897188e-4,0.125,0.625,0.049086548249817515,0.049086548249817515,0,0,1,0.9909935633187743,depress_then_recover,6,acute_0_2h,metabolism_per_area_mm2_measurement
c-b02,c,187.3,0.00533902829684997,0.07600865843694402,0.07600865843694402,0.00533902829684997,2,0,0.06946920165322243,0.006002142434358095,0.06346705921886434,0.05746491678450624,10.574067495559506,6.140735421297193e-4,0.06782101120854794,0.875,6.140735421297193e-4,0.125,0.625,0.07066963014009404,0.07066963014009404,0,0,1,1.12151597055777,monotonic_increase,6,acute_0_2h,metabolism_per_area_mm2_measurement
c-b03,c,109,0.0091743119266055,0.01136363636363636,0.01136363636363636,0.0091743119266055,2,0,0.01984292465943841,0.0068894217403391664,0.012953502919099243,0.006064081178760077,1.8802017654476677,1.3900472616067833e-4,0.0025020850708923972,0.875,-1.3900472616067833e-4,0.375,0.875,0.0021893244370308606,0.0021893244370308606,0,0,1,0.09072962126142238,rise_then_depress,6,acute_0_2h,metabolism_per_area_mm2_measurement
c-b04,c,117.8,0.00848896434634974,0.06438259476164132,0.06438259476164132,0.00848896434634974,2,0,0.0748984185727094,0.014199938955762001,0.06069847961694741,0.04649854066118541,4.274559193954661,0.02746990709830032,0.04082333415997404,0.875,0.02467204619014008,1.5,1.5,0.05589363041529158,0.05589363041529158,0,0,1,0.6688931078930981,monotonic_increase,6,acute_0_2h,metabolism_per_area_mm2_measurement
c-c01,c,153,0.0065359477124183,0.04945213379469435,0.04945213379469435,0.0065359477124183,2,0,0.0650711264898116,0.012336000576701265,0.05273512591311034,0.040399125336409075,4.274896518139762,0.011822376009227198,0.05142252979623221,0.375,0.01033256439830834,1.5,0.375,0.04291618608227605,0.04291618608227605,0,0,1,0.6443456732338776,monotonic_increase,6,acute_0_2h,metabolism_per_area_mm2_measurement
c-c02,c,118.7,0.008424599831508,0.08247713215828653,0.08247713215828653,0.008424599831508,2,0,0.08998357053128943,0.01583360066197567,0.07414996986931376,0.058316369207338084,4.683076923076924,0.027462396603776966,0.04772940545110585,0.875,0.027462396603776966,0.125,0.875,0.07405253232677853,0.07405253232677853,0,0,1,0.7492620769718015,monotonic_increase,6,acute_0_2h,metabolism_per_area_mm2_measurement
c-c03,c,153.6,0.00651041666666666,0.06367562200239808,0.06367562200239808,0.00651041666666666,2,0,0.060235990894784174,0.006677275367206232,0.05355871552757794,0.046881440160371705,8.021043402016662,4.6837529976019934e-4,0.04739958033573141,0.875,4.6837529976019934e-4,0.125,0.625,0.057165205335731425,0.057165205335731425,0,0,1,1.0037848884714362,monotonic_increase,6,acute_0_2h,metabolism_per_area_mm2_measurement
c-c04,c,146,0.00684931506849315,0.0136986301369863,0.0136986301369863,0.00684931506849315,2,0,0.020069697131849307,0.005521591395547941,0.014548105736301366,0.009026514340753425,2.6347668079951556,4.2808219178079934e-4,0.009845890410958881,0.875,4.2808219178079934e-4,0.125,0.875,0.00684931506849315,0.00684931506849315,0,0,1,0.2992957421086388,monotonic_increase,6,acute_0_2h,metabolism_per_area_mm2_measurement
r-a01,r,92.4,0.01082251082251082,0.0635769459298871,0.0635769459298871,0.01082251082251082,2,0,0.07360898905016551,0.015188651218062982,0.05842033783210253,0.04323168661403955,3.8463150541390148,0.026822850352262118,0.02987861811391221,0.875,0.0225787284610814,0.375,0.875,0.05275443510737628,0.05275443510737628,0,0,1,0.6184925842206349,monotonic_increase,6,acute_0_2h,metabolism_per_area_mm2_measurement
r-a02,r,137.3,0.00728332119446467,0.01483739782366781,0.01483739782366781,0.00728332119446467,2,0,0.02033034870592439,0.00562155971375735,0.01470878899216704,0.00908722927840969,2.616496086694763,8.664173911630824e-4,0.00844756956384008,0.875,-5.41510869476923e-4,0.375,0.875,0.00755407662920314,0.00755407662920314,0,0,1,0.3235318714527888,rise_then_depress,6,acute_0_2h,metabolism_per_area_mm2_measurement
r-a03,r,101.4,0.00986193293885601,0.02168869542874848,0.02168869542874848,0.00944629591844445,2,0.5,0.025863958224700924,0.007207523785773119,0.018656434438927803,0.011448910653154684,2.5884665792922683,-0.0012091258775608835,0.011146629183764469,1.5,-0.0012091258775608835,0.125,1.5,0.011826762489892468,0.011826762489892468,0,0,1,0.4107420095550921,depress_then_recover,6,acute_0_2h,metabolism_per_area_mm2_measurement
r-a04,r,85.3,0.01172332942555685,0.03819100009017946,0.03819100009017946,0.01149788078275768,2,0.25,0.03841644873297862,0.00879249706916764,0.02962395166381098,0.02083145459464334,3.36923076923077,-9.017945711966777e-4,0.023852466408152227,1.5,-9.017945711966777e-4,0.125,1.5,0.026467670664622606,0.026467670664622606,0,0,1,0.6378784394987677,depress_then_recover,6,acute_0_2h,metabolism_per_area_mm2_measurement
r-b01,r,212.8,0.00469924812030075,0.01780925243043915,0.01780925243043915,0.00469924812030075,2,0,0.02080988697859297,0.004665575164024707,0.01614431181456826,0.011478736650543555,3.4603047313552544,0.0031128777357406004,0.00790192040611082,1.5,0.0031128777357406004,0.125,0.625,0.0131100043101384,0.0131100043101384,0,0,1,0.5439132361734499,monotonic_increase,6,acute_0_2h,metabolism_per_area_mm2_measurement
r-b02,r,112.6,0.00888099467140319,0.08563148546321399,0.08563148546321399,0.00888099467140319,2,0,0.09144697890374248,0.015354772366083944,0.07609220653765852,0.06073743417157458,4.955606291222731,0.026300208781278242,0.04499703966844287,0.875,0.026300208781278242,0.125,0.625,0.0767504907918108,0.0767504907918108,0,0,1,0.7755613785660513,monotonic_increase,6,acute_0_2h,metabolism_per_area_mm2_measurement
r-b03,r,120.4,0.00830564784053156,0.04724787947379309,0.04724787947379309,0.0082143769851411,2,0.25,0.04295054336582575,0.006552486826573203,0.036398056539252543,0.02984556971267934,5.5548461984910045,-3.6508342156184315e-4,0.02902413201416523,1.5,-3.6508342156184315e-4,0.125,0.875,0.03894223163326153,0.03894223163326153,0,0,1,0.9092098095138309,depress_then_recover,6,acute_0_2h,metabolism_per_area_mm2_measurement
r-b04,r,100.1,0.00999000999000999,0.03973038455797077,0.03973038455797077,0.00956897508621646,2,0.5,0.03464925878718982,0.00727720555306762,0.0273720532341222,0.02009484768105458,3.761341222879686,-0.001224828811035722,0.029663822767271048,1.5,-0.001224828811035722,0.125,1.5,0.029740374567960776,0.029740374567960776,0,0,1,0.825891296608249,depress_then_recover,6,acute_0_2h,metabolism_per_area_mm2_measurement
r-c01,r,171.1,0.00584453535943892,0.0554646405610754,0.0554646405610754,0.00584453535943892,2,0,0.042621274108708355,0.005856711474771088,0.03676456263393727,0.030907851159166184,6.277338877338879,0.004519774011299438,0.04303526203000196,1.5,0.004519774011299438,0.125,1.5,0.049620105201636476,0.049620105201636476,0,0,1,1.1604823449515294,monotonic_increase,6,acute_0_2h,metabolism_per_area_mm2_measurement
r-c02,r,142.7,0.00700770847932726,0.09329011913104417,0.09329011913104417,0.00700770847932726,2,0,0.09220124776142646,0.013936336915051,0.07826491084637546,0.06432857393132446,5.615888258402444,0.02822549248617924,0.04915128863972595,1.5,0.02822549248617924,0.125,0.625,0.0862824106517169,0.0862824106517169,0,0,1,0.8805530503411444,monotonic_increase,6,acute_0_2h,metabolism_per_area_mm2_measurement
r-c03,r,117.3,0.00852514919011082,0.05671769032077464,0.05671769032077464,0.00852514919011082,2,0,0.06981556412311841,0.013829509740301046,0.05598605438281737,0.04215654464251632,4.0483036227717095,0.02672061686452648,0.036645417414207765,0.875,0.018354518965275915,1.5,1.5,0.04819254113066382,0.04819254113066382,0,0,1,0.6184268896759864,monotonic_increase,6,acute_0_2h,metabolism_per_area_mm2_measurement
r-c04,r,99.2,0.01008064516129032,0.13293158454448775,0.13293158454448775,0.01008064516129032,2,0,0.1361256351175706,0.02082133256528418,0.11530430255228641,0.09448296998700223,5.5377964974506755,0.04047028240576628,0.07754342431761785,0.875,0.04047028240576628,0.125,0.875,0.12285093938319744,0.12285093938319744,0,0,1,0.8514912470486855,monotonic_increase,6,acute_0_2h,metabolism_per_area_mm2_measurement
s-a01,s,122.6,0.00815660685154975,0.01189267502481205,0.01189267502481205,0.00815660685154975,2,0,0.019553753750327967,0.006352741874764711,0.013201011875563256,0.006848270000798545,2.078002244668911,1.1407841750420145e-4,0.0026238036025963973,0.875,1.1407841750420145e-4,0.125,0.375,0.0037360681732623007,0.0037360681732623007,0,0,1,0.1526154881234555,monotonic_increase,6,acute_0_2h,metabolism_per_area_mm2_measurement
s-a02,s,156.2,0.00640204865556978,0.00756805751723713,0.00756805751723713,0.00640204865556978,2,0,0.013849105253199913,0.004884037118682099,0.008965068134517815,0.004081031015835716,1.8355855855855854,1.7600133761015713e-4,0.0012320093632711623,0.625,1.7600133761015713e-4,0.125,0.625,0.00116600886166735,0.00116600886166735,0,0,1,0.06543687312836846,monotonic_increase,6,acute_0_2h,metabolism_per_area_mm2_measurement
s-a03,s,139.9,0.00714796283059328,0.01203992410335811,0.01203992410335811,0.00707672067613554,2,0.25,0.017273254032899615,0.005408466892583452,0.011864787140316165,0.006456320247732713,2.193743139407244,-2.8496861783096003e-4,0.00420328711300668,1.5,-2.8496861783096003e-4,0.125,1.5,0.004891961272764831,0.004891961272764831,0,0,1,0.23696006736112057,depress_then_recover,6,acute_0_2h,metabolism_per_area_mm2_measurement
s-a04,s,161.7,0.00618429189857761,0.02767015897267998,0.02767015897267998,0.00618429189857761,2,0,0.03540052384590199,0.007801416020953833,0.027599107824948156,0.01979769180399432,3.5377049180327877,0.0095492742551566,0.014642220524573472,0.875,0.00870802866601186,1.5,1.5,0.02148586707410237,0.02148586707410237,0,0,1,0.528758397844888,monotonic_increase,6,acute_0_2h,metabolism_per_area_mm2_measurement
s-b01,s,103.1,0.00969932104752667,0.01405339582433609,0.01405339582433609,0.00969932104752667,2,0,0.023142084433651684,0.0075842318774912015,0.015557852556160481,0.00797362067866928,2.0513418903150527,2.8319185540223724e-4,0.0025841256805454304,1.5,2.8319185540223724e-4,0.125,0.375,0.00435407477680942,0.00435407477680942,0,0,1,0.14786434610499563,monotonic_increase,6,acute_0_2h,metabolism_per_area_mm2_measurement
s-b02,s,96,0.01041666666666666,0.03702485380116959,0.03702485380116959,0.01041666666666666,2,0,0.04943804824561403,0.011691337719298242,0.037746710526315785,0.026055372807017543,3.2286049237983594,0.01271929824561404,0.01959064327485377,0.875,0.01056286549707603,1.5,1.5,0.026608187134502935,0.026608187134502935,0,0,1,0.45999244273890805,monotonic_increase,6,acute_0_2h,metabolism_per_area_mm2_measurement
s-b03,s,64.4,0.015527950310559,0.01577248496111899,0.01577248496111899,0.01491661368415904,2,0.5,0.03046748911820804,0.011279160757079274,0.01918832836112877,0.007909167604049496,1.7012195121951224,-0.002200811855039883,7.336039516799564e-4,0.875,-0.002200811855039883,0.125,0.375,2.4453465055998894e-4,2.4453465055998894e-4,0,0,1,0.023813853073675686,depress_then_recover,6,acute_0_2h,metabolism_per_area_mm2_measurement
s-b04,s,114.2,0.00875656742556917,0.04859278261513036,0.04859278261513036,0.00875656742556917,2,0,0.06301876495399718,0.012741730593719934,0.050277034360277244,0.03753530376655731,3.945856019358742,0.008756567425569198,0.04353617325670309,0.375,0.008756567425569198,0.125,0.375,0.03983621518956119,0.03983621518956119,0,0,1,0.5928188355337879,monotonic_increase,6,acute_0_2h,metabolism_per_area_mm2_measurement
s-c01,s,117.5,0.00851063829787234,0.01612541993281075,0.01612541993281075,0.00851063829787234,2,0,0.023572228443449045,0.00699888017917133,0.016573348264277716,0.009574468085106386,2.3680000000000008,0.001313923105636397,0.004598730869727511,1.5,0.001313923105636397,0.125,0.375,0.00761478163493841,0.00761478163493841,0,0,1,0.2584198521281361,monotonic_increase,6,acute_0_2h,metabolism_per_area_mm2_measurement
s-c02,s,126.5,0.00790513833992094,0.05274936061381074,0.05274936061381074,0.00790513833992094,2,0,0.0565856777493606,0.010473581725180186,0.04611209602418042,0.03563851429900024,4.402705515088451,0.01522901650778892,0.02685421994884908,0.875,0.01522901650778892,0.125,0.875,0.0448442222738898,0.0448442222738898,0,0,1,0.7135657894075703,monotonic_increase,6,acute_0_2h,metabolism_per_area_mm2_measurement
s-c03,s,133.9,0.00746825989544436,0.02032793213113928,0.02032793213113928,0.00746825989544436,2,0,0.03086426227857448,0.009128164570239402,0.021736097708335077,0.012607933138095676,2.3812122953174377,0.009901737838903763,0.0178734759295466,0.375,-0.006796955635179687,0.875,0.875,0.012859672235694921,0.012859672235694921,0,0,1,0.3325321963623034,rise_then_depress,6,acute_0_2h,metabolism_per_area_mm2_measurement
s-c04,s,213.5,0.00468384074941452,0.0105223783502472,0.0105223783502472,0.00460252406973718,2,0.25,0.01246381407754358,0.00349051847514962,0.008973295602393959,0.005482777127244339,2.5707629586488068,-3.252667187093605e-4,0.00552953421805881,1.5,-3.252667187093605e-4,0.125,1.5,0.00583853760083268,0.00583853760083268,0,0,1,0.41554641436167455,depress_then_recover,6,acute_0_2h,metabolism_per_area_mm2_measurement
t-a01,t,66.7,0.01499250374812593,0.01382981978398555,0.01499250374812593,0.01382981978398555,0,1,0.027912064375975265,0.01061714040938714,0.017294923966588126,0.006677783557200986,1.6289625360230544,-0.0036716335709695985,0,1.5,-0.0036716335709695985,0.125,0.375,0,-0.0011626839641403798,0.0011626839641403798,NA,0.9224489795918366,0.0318642175271152,monotonic_decrease,6,acute_0_2h,metabolism_per_area_mm2_measurement
t-a02,t,159.7,0.00626174076393237,0.00612412008780199,0.00626174076393237,0.00598649941167161,0,0.75,0.0120934169149573,0.004541482312302597,0.007551934602654703,0.0030104522903521055,1.662878787878789,-9.174711742025582e-4,1.3762067613037974e-4,1.5,-9.174711742025582e-4,0.125,0.375,0,-1.3762067613037974e-4,1.3762067613037974e-4,NA,0.9780219780219783,0.017853639248570894,depress_then_recover,6,acute_0_2h,metabolism_per_area_mm2_measurement
t-a03,t,165.2,0.00605326876513317,0.00622259096835368,0.00622259096835368,0.00584161601110753,2,0.25,0.011990128515552239,0.004428833877986417,0.007561294637565822,0.0031324607595794047,1.7072879330943855,-8.466110161025608e-4,4.2330550805124226e-4,0.625,-8.466110161025608e-4,0.125,0.375,1.6932220322051026e-4,1.6932220322051026e-4,0,0,1,0.023666569416562058,depress_then_recover,6,acute_0_2h,metabolism_per_area_mm2_measurement
t-a04,t,135.1,0.00740192450037009,0.03195258248060526,0.03195258248060526,0.00740192450037009,2,0,0.03669532322678705,0.007094688130364273,0.029600635096422773,0.0225059469660585,4.172224987555999,0.002938168503963723,0.01909809527576404,0.625,0.002938168503963723,0.125,0.625,0.024550657980235167,0.024550657980235167,0,0,1,0.6243533180643079,monotonic_increase,6,acute_0_2h,metabolism_per_area_mm2_measurement
t-b01,t,97.6,0.01024590163934426,0.00967441708575534,0.01024590163934426,0.00967441708575534,0,1,0.01948150022859382,0.007383376330742601,0.01209812389785122,0.004714747567108618,1.6385625431928132,-0.0017960943112794794,0,1.5,-0.0017960943112794794,0.125,0.375,0,-5.714845535889201e-4,5.714845535889201e-4,NA,0.9442231075697214,0.02227791734286956,monotonic_decrease,6,acute_0_2h,metabolism_per_area_mm2_measurement
t-b02,t,134.1,0.00745712155108128,0.00748310455300142,0.00748310455300142,0.00730122353956042,2,0.75,0.014764840841121726,0.005514892157550527,0.009249948683571199,0.003735056526020672,1.677267373380447,-5.196600384028797e-4,2.0786401536112067e-4,0.875,-5.196600384028797e-4,0.125,0.375,2.598300192013965e-5,2.598300192013965e-5,0,0,1,0.009959250439247027,depress_then_recover,6,acute_0_2h,metabolism_per_area_mm2_measurement
t-b03,t,100.3,0.00997008973080757,0.01008692671984047,0.01008692671984047,0.00973641575274177,2,0.5,0.019696769067796598,0.0073461256854436665,0.012350643382352932,0.0050045176969092655,1.6812458581842273,-7.789132602193244e-4,3.505109670986998e-4,1.5,-7.789132602193244e-4,0.125,0.375,1.1683698903289935e-4,1.1683698903289935e-4,0,0,1,0.014886736704859663,depress_then_recover,6,acute_0_2h,metabolism_per_area_mm2_measurement
t-b04,t,104.5,0.00956937799043062,0.0404799878484089,0.0404799878484089,0.00956937799043062,2,0,0.048032011847801315,0.009488683830789092,0.03854332801701223,0.029054644186223135,4.062031015507755,7.594744436849599e-4,0.0410116199589884,0.625,7.594744436849599e-4,0.125,0.875,0.03091060985797828,0.03091060985797828,0,0,1,0.605086154804835,monotonic_increase,6,acute_0_2h,metabolism_per_area_mm2_measurement
t-c01,t,128.2,0.00780031201248049,0.00719797131653606,0.00780031201248049,0.00719797131653606,0,1,0.014516410772261002,0.005515181997241276,0.009001228775019727,0.0034860467777784515,1.6320819112627998,-0.002168426505399959,1.2046813918887775e-4,0.375,-0.002168426505399959,0.125,0.375,0,-6.023406959444304e-4,6.023406959444304e-4,NA,0.9227799227799239,0.031903400828513825,depress_then_recover,6,acute_0_2h,metabolism_per_area_mm2_measurement
t-c02,t,168,0.00595238095238095,0.00579573934837092,0.00595238095238095,0.00575098460436806,0,0.25,0.011560709810239876,0.004346804511278193,0.007213905298961683,0.0028671007876834905,1.6595881595881592,-8.055853920515624e-4,8.950948800572067e-5,0.375,-8.055853920515624e-4,0.125,0.375,0,-1.5664160401003026e-4,1.5664160401003026e-4,NA,0.9736842105263149,0.013235720341801238,depress_then_recover,6,acute_0_2h,metabolism_per_area_mm2_measurement
t-c03,t,181.4,0.00551267916207276,0.02005161321589105,0.02005161321589105,0.00551267916207276,2,0,0.01915302631950922,0.004212757106913665,0.014940269212595558,0.010727512105681894,3.546434991012583,1.6154371170911883e-4,0.013367742143927372,1.5,1.6154371170908066e-4,0.375,1.5,0.01453893405381829,0.01453893405381829,0,0,1,0.7078697530127771,monotonic_increase,6,acute_0_2h,metabolism_per_area_mm2_measurement
t-c04,t,73.2,0.01366120218579235,0.07164652387220294,0.07164652387220294,0.01366120218579235,2,0,0.0883927146902796,0.018366588887559328,0.07002612580272027,0.051659536915160946,3.8126908720732957,0.021538829723585,0.038091819233377205,0.375,0.021538829723585,0.125,0.375,0.05798532168641059,0.05798532168641059,0,0,1,0.5822543566341125,monotonic_increase,6,acute_0_2h,metabolism_per_area_mm2_measurement
u-a01,u,77.3,0.0129366106080207,0.03285488408386209,0.03285488408386209,0.0129366106080207,2,0,0.05098924002546254,0.012981529394854103,0.038007710630608434,0.02502618123575433,2.927829955511617,0.00739234891886896,0.024025133986324165,0.875,0.0030801453828620713,1.5,1.5,0.019918273475841394,0.019918273475841394,0,0,1,0.36439943012689496,monotonic_increase,6,acute_0_2h,metabolism_per_area_mm2_measurement
u-a02,u,176.4,0.00566893424036281,0.01875721048653379,0.01875721048653379,0.0056490432430282,2,0.25,0.02651221307236344,0.005676393364363284,0.020835819708000157,0.015159426343636873,3.670608848007011,-7.95639893384388e-5,0.017185821697099923,0.875,-7.95639893384388e-5,0.125,1.5,0.013088276246170979,0.013088276246170979,0,0,1,0.4961105502859592,depress_then_recover,6,acute_0_2h,metabolism_per_area_mm2_measurement
u-a03,u,132.6,0.00754147812971342,0.00768877262443439,0.00768877262443439,0.00736472473604826,2,0.25,0.014972485388386119,0.005564049538084461,0.009408435850301657,0.0038443863122171957,1.690933156849769,-7.070135746606379e-4,2.651300904977392e-4,1.5,-7.070135746606379e-4,0.125,0.375,1.4729449472097e-4,1.4729449472097e-4,0,0,1,0.016285869524131327,depress_then_recover,6,acute_0_2h,metabolism_per_area_mm2_measurement
u-a04,u,215.9,0.00463177396943029,0.0067671002739812,0.0067671002739812,0.00463177396943029,2,0,0.011404762091677716,0.0036602790055031724,0.007744483086174544,0.004084204080671372,2.1158176943699742,3.1401857419863927e-4,0.002135326304550919,0.875,3.1401857419863927e-4,0.125,1.5,0.0021353263045509104,0.0021353263045509104,0,0,1,0.15332061874059816,monotonic_increase,6,acute_0_2h,metabolism_per_area_mm2_measurement
u-b01,u,125.6,0.00796178343949044,0.03856319597902855,0.03856319597902855,0.00796178343949044,2,0,0.041599641448936256,0.008581258936695695,0.03301838251224056,0.024437123575544867,3.8477317554240638,0.008340915984228078,0.01974197322240998,1.5,0.008340915984228078,0.125,1.5,0.030601412539538107,0.030601412539538107,0,0,1,0.6452737349394375,monotonic_increase,6,acute_0_2h,metabolism_per_area_mm2_measurement
u-b02,u,169.8,0.00588928150765606,0.01391052513815536,0.01391052513815536,0.00588928150765606,2,0,0.019733842471218503,0.005435447986456759,0.014298394484761744,0.008862946498304984,2.6305825242718464,0.00354623402611548,0.005150482752215364,0.875,0.00354623402611548,0.125,1.5,0.0080212436304993,0.0080212436304993,0,0,1,0.3261366959843086,monotonic_increase,6,acute_0_2h,metabolism_per_area_mm2_measurement
u-b03,u,114.4,0.00874125874125874,0.01244193762441937,0.01244193762441937,0.00854984431626767,2,0.25,0.02002673421469041,0.0065320172528201695,0.013494716961870238,0.006962699709050069,2.0659340659340657,-7.656576999642839e-4,0.0030626307998570385,0.875,-7.656576999642839e-4,0.125,0.875,0.0037006788831606303,0.0037006788831606303,0,0,1,0.15599106587517705,depress_then_recover,6,acute_0_2h,metabolism_per_area_mm2_measurement
u-b04,u,85.4,0.01170960187353629,0.01175412507457636,0.01175412507457636,0.01117532346105555,2,0.75,0.022807009732771735,0.008492800598391817,0.014314209134379918,0.005821408535988101,1.6854521625163827,-0.0016028352374422017,4.897552114406893e-4,1.5,-0.0016028352374422017,0.125,0.375,4.4523201040069446e-5,4.4523201040069446e-5,0,0,1,0.022549337886460658,depress_then_recover,6,acute_0_2h,metabolism_per_area_mm2_measurement
u-c01,u,150.7,0.006635700066357,0.04208240332991495,0.04208240332991495,0.006635700066357,2,0,0.05355613199010678,0.010544730650901852,0.043011401339204926,0.03246667068830307,4.078947368421053,0.01872473909633828,0.0318513603185136,0.875,0.011461663750980278,1.5,1.5,0.03544670326355795,0.03544670326355795,0,0,1,0.6077470875255461,monotonic_increase,6,acute_0_2h,metabolism_per_area_mm2_measurement
u-c02,u,156.6,0.00638569604086845,0.00907999304150066,0.00907999304150066,0.00638569604086845,2,0,0.016876482393723767,0.006120509328207802,0.010755973065515964,0.004635463737308163,1.75736568457539,0.01001345027006616,0.01001345027006616,0.125,-0.00246093269349084,0.375,0.375,0.0026942970006322104,0.0026942970006322104,0,0,1,0.11649314465871806,rise_then_depress,6,acute_0_2h,metabolism_per_area_mm2_measurement
u-c03,u,162.1,0.00616903146206045,0.00650552408726375,0.00650552408726375,0.00605686725365935,2,0.25,0.012486680500252357,0.004570691492344787,0.00791598900790757,0.003345297515562783,1.7319018404907982,-4.4865683360439945e-4,4.4865683360439945e-4,0.875,-4.4865683360439945e-4,0.125,0.375,3.3649262520330046e-4,3.3649262520330046e-4,0,0,1,0.026649851739070397,depress_then_recover,6,acute_0_2h,metabolism_per_area_mm2_measurement
u-c04,u,107.5,0.00930232558139534,0.00896032831737346,0.00930232558139534,0.00896032831737346,0,0.75,0.017989056087551296,0.00678864569083447,0.011200410396716824,0.004411764705882354,1.6498740554156175,-0.001094391244870041,0,0.875,-0.001094391244870041,0.125,0.375,0,-3.419972640218809e-4,3.419972640218809e-4,NA,0.9632352941176477,0.014839245476811848,monotonic_decrease,6,acute_0_2h,metabolism_per_area_mm2_measurement
v-a01,v,133.1,0.00751314800901577,0.07111345954321162,0.07111345954321162,0.00751314800901577,2,0,0.09414483588037306,0.017726763594532187,0.07641807228584088,0.058691308691308695,4.310886862022124,0.03621722629987096,0.06098584610981303,0.875,0.01409059260298931,1.5,1.5,0.06360031153419585,0.06360031153419585,0,0,1,0.6490194535191163,monotonic_increase,6,acute_0_2h,metabolism_per_area_mm2_measurement
v-a02,v,82,0.01219512195121951,0.04310950516912577,0.04310950516912577,0.01214493626417745,2,0.25,0.0538868814614072,0.01163680618287664,0.04225007527853056,0.030613269095653917,3.630727762803235,-2.0074274816823945e-4,0.029509183980728673,0.625,-2.0074274816823945e-4,0.125,0.375,0.03091438321790626,0.03091438321790626,0,0,1,0.5260875657109368,depress_then_recover,6,acute_0_2h,metabolism_per_area_mm2_measurement
v-a03,v,130.7,0.00765110941086457,0.0344879552989729,0.0344879552989729,0.00765110941086457,2,0,0.04022991004150147,0.008266965755489087,0.03196294428601238,0.02369597853052329,3.866345311130589,0.003709628805267682,0.02075073612946604,0.875,0.003709628805267682,0.125,0.375,0.02683684588810833,0.02683684588810833,0,0,1,0.5993053515456755,monotonic_increase,6,acute_0_2h,metabolism_per_area_mm2_measurement
v-a04,v,103,0.00970873786407766,0.03696338753070534,0.03696338753070534,0.00963075603384411,2,0.25,0.04361621242250555,0.008558505868132721,0.03505770655437283,0.026499200686240114,4.096241457858772,-3.119273209341994e-4,0.029165204507349787,0.875,-3.119273209341994e-4,0.125,1.5,0.027254649666627682,0.027254649666627682,0,0,1,0.5964519335877395,depress_then_recover,6,acute_0_2h,metabolism_per_area_mm2_measurement
v-b01,v,91.3,0.01095290251916758,0.04487293784015555,0.04487293784015555,0.01044346519269467,2,0.25,0.05398443668967624,0.009965867699126312,0.044018568990549935,0.034052701291423626,4.416932907348244,-0.002037749305891637,0.0358304252952614,0.875,-0.002037749305891637,0.125,1.5,0.033920035320987973,0.033920035320987973,0,0,1,0.621773292279637,depress_then_recover,6,acute_0_2h,metabolism_per_area_mm2_measurement
v-b02,v,177.4,0.00563697857948139,0.03050231742452712,0.03050231742452712,0.00553259008726877,2,0.25,0.02617019499770344,0.004230343646916358,0.021939851350787083,0.017709507703870725,5.186304750154231,-4.1755396885048007e-4,0.02098208693473632,1.5,-4.1755396885048007e-4,0.125,0.875,0.02486533884504573,0.02486533884504573,0,0,1,0.9512145047393554,depress_then_recover,6,acute_0_2h,metabolism_per_area_mm2_measurement
v-b03,v,123.4,0.00810372771474878,0.04735982899960069,0.04735982899960069,0.00810372771474878,2,0,0.056267323186056886,0.010918745448993492,0.0453485777370634,0.03442983228806991,4.15327731092437,0.009982852981936914,0.030300894933408484,0.875,0.009982852981936914,0.125,0.375,0.03925610128485191,0.03925610128485191,0,0,1,0.6361753565544652,monotonic_increase,6,acute_0_2h,metabolism_per_area_mm2_measurement
v-b04,v,131.1,0.007627765064836,0.02272950960852341,0.02272950960852341,0.007627765064836,2,0,0.028100471199035457,0.00650897492679806,0.021591496272237394,0.015082521345439335,3.3171884229178974,1.2302846878767953e-4,0.010949533722103284,0.625,1.2302846878767953e-4,0.125,0.625,0.015101744543687411,0.015101744543687411,0,0,1,0.4800287215597067,monotonic_increase,6,acute_0_2h,metabolism_per_area_mm2_measurement
v-c01,v,154.6,0.00646830530401035,0.08075654855119689,0.08075654855119689,0.00646830530401035,2,0,0.08605156163370911,0.013541494421694595,0.07251006721201451,0.05896857279031992,5.354657687991023,0.022663385501269322,0.046785787236526016,0.875,0.022663385501269322,0.125,0.375,0.07428824324718654,0.07428824324718654,0,0,1,0.8152971490109685,monotonic_increase,6,acute_0_2h,metabolism_per_area_mm2_measurement
v-c02,v,113.7,0.00879507475813544,0.0347301574110624,0.0347301574110624,0.00879507475813544,2,0,0.04143034231538999,0.008206428022354722,0.03322391429303526,0.02501748627068054,4.048523206751056,5.540204572054008e-4,0.02603896148865295,0.875,5.540204572054008e-4,0.125,1.5,0.025935082652926957,0.025935082652926957,0,0,1,0.5906393042376687,monotonic_increase,6,acute_0_2h,metabolism_per_area_mm2_measurement
v-c03,v,227.6,0.00439367311072056,0.01282519369291319,0.01282519369291319,0.00439367311072056,2,0,0.016197801925790237,0.004026244461496569,0.012171557464293669,0.0081453130027971,3.023054755043229,0.0024134260749028406,0.005816975667714559,0.875,0.0024134260749028406,0.125,0.875,0.00843152058219263,0.00843152058219263,0,0,1,0.4378704582497589,monotonic_increase,6,acute_0_2h,metabolism_per_area_mm2_measurement
v-c04,v,163.5,0.00611620795107033,0.02396647411937931,0.02396647411937931,0.00611620795107033,2,0,0.02759089364593951,0.00552157662249405,0.02206931702344546,0.01654774040095141,3.996923076923079,1.812209763279969e-4,0.02084041227772116,0.625,1.812209763279969e-4,0.125,0.625,0.01785026616830898,0.01785026616830898,0,0,1,0.6034733261724684,monotonic_increase,6,acute_0_2h,metabolism_per_area_mm2_measurement
c-a01,c,93.7,1,25.576923076923077,25.576923076923077,1,18.75,0,264.1625,1.5158653846153844,262.6466346153846,261.1307692307692,173.2651443070092,1.3384615384615373,4.846153846153847,0.375,0.6307692307692303,1.5,1.5,24.576923076923077,24.576923076923077,0,0,1,1.4000869600400765,monotonic_increase,7,full_0_18.75h,fold_change
c-a02,c,180.7,1,6.474820143884892,6.474820143884892,1,18.75,0,74.42356115107914,0.8232913669064748,73.60026978417267,72.77697841726619,89.397596941562,0.23021582733812984,0.6906474820143884,1.5,0.21582733812949595,0.375,10.375,5.474820143884892,5.474820143884892,0,0,1,0.9691165061950633,monotonic_increase,7,full_0_18.75h,fold_change
c-a03,c,114,1,18.130769230769232,18.130769230769232,0.9769230769230768,18.75,0.25,190.2692307692308,0.7711538461538462,189.49807692307695,188.7269230769231,245.7331670822943,-0.09230769230769287,2.4999999999999996,1.5,-0.09230769230769287,0.125,10.375,17.130769230769232,17.130769230769232,0,0,1,1.5783631253302846,depress_then_recover,7,full_0_18.75h,fold_change
c-a04,c,178.6,1,5.832740213523132,5.832740213523132,1,18.75,0,70.42927046263345,0.7775800711743773,69.65169039145907,68.87411032028469,89.574942791762,0,0.9644128113879005,1.5,0,0.125,10.375,4.832740213523132,4.832740213523132,0,0,1,0.9195732089893704,monotonic_increase,7,full_0_18.75h,fold_change
c-b01,c,145.4,1,28.03610108303249,28.03610108303249,0.9855595667870036,18.75,0.25,310.5595667870036,0.8862815884476535,309.67328519855596,308.7870036101083,349.40733197556006,-0.05776173285198549,6.671480144404333,0.875,-0.05776173285198549,0.125,0.625,27.03610108303249,27.03610108303249,0,0,1,1.5305632108173057,depress_then_recover,7,full_0_18.75h,fold_change
c-b02,c,187.3,1,28.603833865814696,28.603833865814696,1,18.75,0,371.79872204472844,1.1242012779552715,370.6745207667732,369.55031948881793,329.7225577264654,0.11501597444089473,12.702875399361025,0.875,0.11501597444089473,0.125,0.625,27.603833865814696,27.603833865814696,0,0,1,1.2657191935790424,monotonic_increase,7,full_0_18.75h,fold_change
c-b03,c,109,1,19.678030303030305,19.678030303030305,1,18.75,0,177.33996212121212,0.7509469696969697,176.58901515151516,175.8380681818182,235.15510718789406,0.015151515151515582,1.10085933966531,10.375,-0.015151515151515582,0.375,10.375,18.678030303030305,18.678030303030305,0,0,1,1.8963761927319223,rise_then_depress,7,full_0_18.75h,fold_change
c-b04,c,117.8,1,28.621722846441948,28.621722846441948,1,18.75,0,312.0482209737828,1.672752808988764,310.37546816479403,308.70271535580525,185.5477190036384,3.235955056179776,4.808988764044942,0.875,1.2559673542400358,10.375,1.5,27.621722846441948,27.621722846441948,0,0,1,1.3666484470555458,monotonic_increase,7,full_0_18.75h,fold_change
c-c01,c,153,1,29.66176470588235,29.66176470588235,1,18.75,0,321.7398897058823,1.887408088235294,319.852481617647,317.9650735294117,169.46652057462867,1.8088235294117645,7.867647058823529,0.375,1.319139596136962,10.375,0.375,28.66176470588235,28.66176470588235,0,0,1,1.3084056762397516,monotonic_increase,7,full_0_18.75h,fold_change
c-c02,c,118.7,1,28.61565836298933,28.61565836298933,1,18.75,0,332.3287366548043,1.8794483985765122,330.4492882562278,328.5698398576513,175.82248520710064,3.2597864768683262,5.665480427046262,0.875,1.1239177776597442,10.375,10.375,27.61565836298933,27.61565836298933,0,0,1,1.2553791855408793,monotonic_increase,7,full_0_18.75h,fold_change
c-c03,c,153.6,1,29.98201438848921,29.98201438848921,1,18.75,0,342.2639388489209,1.0256294964028778,341.23830935251794,340.2126798561151,332.7110916264795,0.0719424460431668,7.280575539568346,0.875,0.0719424460431668,0.125,0.625,28.98201438848921,28.98201438848921,0,0,1,1.4552892328416738,monotonic_increase,7,full_0_18.75h,fold_change
c-c04,c,146,1,4.51953125,4.51953125,1,18.75,0,57.53125,0.80615234375,56.72509765625,55.9189453125,70.36523319200485,0.0625,1.4375,0.875,0.0625,0.125,0.875,3.51953125,3.51953125,0,0,1,0.713246641848534,monotonic_increase,7,full_0_18.75h,fold_change
r-a01,r,92.4,1,22.40392156862745,22.40392156862745,1,18.75,0,243.63333333333333,1.4034313725490197,242.2299019607843,240.82647058823528,172.59832343695422,2.4784313725490197,2.7607843137254893,0.875,0.986830553116769,10.375,10.375,21.40392156862745,21.40392156862745,0,0,1,1.3554255614279334,monotonic_increase,7,full_0_18.75h,fold_change
r-a02,r,137.3,1,5.992565055762082,5.992565055762082,1,18.75,0,70.04042750929368,0.7718401486988847,69.2685873605948,68.49674721189591,89.74473208910295,0.11895910780669183,1.159851301115241,0.875,-0.07434944237918284,0.375,0.875,4.992565055762082,4.992565055762082,0,0,1,0.9442675294913313,rise_then_depress,7,full_0_18.75h,fold_change
r-a03,r,101.4,1,7.398467432950191,7.398467432950191,0.9578544061302682,18.75,0.5,83.00335249042145,0.7308429118773946,82.27250957854406,81.54166666666667,112.57208387942333,-0.12260536398467448,1.1302681992337165,1.5,-0.12260536398467448,0.125,1.5,6.398467432950191,6.398467432950191,0,0,1,1.1451649365673138,depress_then_recover,7,full_0_18.75h,fold_change
r-a04,r,85.3,1,8.703846153846154,8.703846153846154,0.9807692307692308,18.75,0.25,103.4548076923077,0.75,102.7048076923077,101.9548076923077,136.93974358974359,-0.07692307692307665,2.0346153846153845,1.5,-0.07692307692307665,0.125,10.375,7.703846153846154,7.703846153846154,0,0,1,1.1686203460557647,depress_then_recover,7,full_0_18.75h,fold_change
r-b01,r,212.8,1,24.487261146496817,24.487261146496817,1,18.75,0,241.24880573248407,0.9928343949044586,240.25597133757964,239.26313694267517,241.98997594226145,0.662420382165605,1.6815286624203818,1.5,0.662420382165605,0.125,0.625,23.487261146496817,23.487261146496817,0,0,1,1.6833232343268618,monotonic_increase,7,full_0_18.75h,fold_change
r-b02,r,112.6,1,28.81052631578947,28.81052631578947,1,18.75,0,332.3377192982456,1.7289473684210526,330.6087719298245,328.87982456140344,191.2196854388635,2.9614035087719293,5.066666666666668,0.875,1.1443833464257656,10.375,10.375,27.81052631578947,27.81052631578947,0,0,1,1.2918642557880118,monotonic_increase,7,full_0_18.75h,fold_change
r-b03,r,120.4,1,17.227106227106226,17.227106227106226,0.989010989010989,18.75,0.25,197.09065934065936,0.7889194139194139,196.30173992673994,195.51282051282053,248.82356355194432,-0.0439560439560438,3.4945054945054945,1.5,-0.0439560439560438,0.125,10.375,16.227106227106226,16.227106227106226,0,0,1,1.4235445216102265,depress_then_recover,7,full_0_18.75h,fold_change
r-b04,r,100.1,1,22.521072796934867,22.521072796934867,0.9578544061302682,18.75,0.5,225.38984674329504,0.728448275862069,224.66139846743297,223.9329501915709,308.4109138724524,-0.12260536398467448,2.9693486590038316,1.5,-0.12260536398467448,0.125,1.5,21.521072796934867,21.521072796934867,0,0,1,1.7898776458082601,depress_then_recover,7,full_0_18.75h,fold_change
r-c01,r,171.1,1,18.21,18.21,1,18.75,0,239.28,1.0020833333333332,238.27791666666667,237.27583333333334,237.78253638253642,0.7733333333333334,7.363333333333333,1.5,0.5205970149253731,10.375,10.375,17.21,17.21,0,0,1,1.3007481836999073,monotonic_increase,7,full_0_18.75h,fold_change
r-c02,r,142.7,1,29.07986111111111,29.07986111111111,1,18.75,0,368.19314236111114,1.988715277777778,366.20442708333337,364.2157118055556,184.14120471409865,4.027777777777779,7.013888888888889,1.5,0.9413349917081261,10.375,10.375,28.07986111111111,28.07986111111111,0,0,1,1.171392836259366,monotonic_increase,7,full_0_18.75h,fold_change
r-c03,r,117.3,1,19.317164179104477,19.317164179104477,1,18.75,0,225.68936567164178,1.6222014925373134,224.06716417910448,222.44496268656718,138.12535940195517,3.134328358208955,4.298507462686567,0.875,0.7560703942971708,10.375,1.5,18.317164179104477,18.317164179104477,0,0,1,1.131589973140297,monotonic_increase,7,full_0_18.75h,fold_change
r-c04,r,99.2,1,30.622710622710624,30.622710622710624,1,18.75,0,380.40842490842493,2.0654761904761907,378.34294871794873,376.2774725274725,183.17468410551982,4.014652014652015,7.692307692307693,0.875,1.0409491006505933,10.375,10.375,29.622710622710624,29.622710622710624,0,0,1,1.1811732173458913,monotonic_increase,7,full_0_18.75h,fold_change
s-a01,s,122.6,1,3.132867132867133,3.132867132867133,1,18.75,0,40.84615384615384,0.7788461538461539,40.067307692307686,39.28846153846153,51.444444444444436,0.013986013986014179,0.32167832167832167,0.875,0.013986013986014179,0.125,0.375,2.132867132867133,2.132867132867133,0,0,1,0.5410601405718266,monotonic_increase,7,full_0_18.75h,fold_change
s-a02,s,156.2,1,2.0549828178694156,2.0549828178694156,1,18.75,0,29.27405498281787,0.7628865979381443,28.511168384879724,27.74828178694158,37.37274774774775,0.027491408934707806,0.19243986254295553,0.625,0.027491408934707806,0.125,0.625,1.0549828178694156,1.0549828178694156,0,0,1,0.31837428200358486,monotonic_increase,7,full_0_18.75h,fold_change
s-a03,s,139.9,1,7.963455149501661,7.963455149501661,0.9900332225913622,18.75,0.25,83.21719269102991,0.7566445182724253,82.46054817275748,81.70390365448506,108.98188803512625,-0.03986710963455131,0.5880398671096345,1.5,-0.03986710963455131,0.125,1.5,6.963455149501661,6.963455149501661,0,0,1,1.225395103910494,depress_then_recover,7,full_0_18.75h,fold_change
s-a04,s,161.7,1,21.99264705882353,21.99264705882353,1,18.75,0,227.38465073529412,1.261488970588235,226.12316176470588,224.86167279411765,179.25100182149367,1.5441176470588234,2.3676470588235308,0.875,1.045873573309921,10.375,1.5,20.99264705882353,20.99264705882353,0,0,1,1.445482492657909,monotonic_increase,7,full_0_18.75h,fold_change
s-b01,s,103.1,1,3.076642335766423,3.076642335766423,1,18.75,0,40.28740875912409,0.7819343065693432,39.50547445255475,38.72354014598541,50.522753792298715,0.02919708029197121,0.2664233576642334,1.5,0.02919708029197121,0.125,0.375,2.076642335766423,2.076642335766423,0,0,1,0.5297523737377324,monotonic_increase,7,full_0_18.75h,fold_change
s-b02,s,96,1,18.36140350877193,18.36140350877193,1,18.75,0,188.2907894736842,1.1223684210526317,187.16842105263157,186.04605263157893,166.76201641266118,1.2210526315789476,1.8807017543859654,0.875,0.8840010473946058,10.375,1.5,17.36140350877193,17.36140350877193,0,0,1,1.4317700015438941,monotonic_increase,7,full_0_18.75h,fold_change
s-b03,s,64.4,1,2.173228346456693,2.173228346456693,0.9606299212598424,18.75,0.5,28.669783464566933,0.7263779527559054,27.943405511811026,27.217027559055122,38.46951219512196,-0.14173228346456712,0.06910330238570926,10.375,-0.14173228346456712,0.125,0.375,1.173228346456693,1.173228346456693,0,0,1,0.3930705294325697,depress_then_recover,7,full_0_18.75h,fold_change
s-b04,s,114.2,1,24.359154929577464,24.359154929577464,1,18.75,0,257.6800176056338,1.455105633802817,256.224911971831,254.76980633802816,176.08681185722926,1,4.971830985915492,0.375,1,0.125,0.375,23.359154929577464,23.359154929577464,0,0,1,1.3781997583951013,monotonic_increase,7,full_0_18.75h,fold_change
s-c01,s,117.5,1,4.505263157894737,4.505263157894737,1,18.75,0,56.369736842105254,0.8223684210526315,55.547368421052624,54.724999999999994,67.5456,0.1543859649122803,0.5403508771929824,1.5,0.1543859649122803,0.125,10.375,3.5052631578947366,3.5052631578947366,0,0,1,0.7238950747004668,monotonic_increase,7,full_0_18.75h,fold_change
s-c02,s,126.5,1,27.533088235294116,27.533088235294116,1,18.75,0,293.63235294117646,1.3249080882352942,292.30744485294116,290.98253676470586,220.62469649670481,1.9264705882352944,3.397058823529413,0.875,1.2453906935908692,10.375,10.375,26.533088235294116,26.533088235294116,0,0,1,1.4857559255411192,monotonic_increase,7,full_0_18.75h,fold_change
s-c03,s,133.9,1,6.429775280898877,6.429775280898877,1,18.75,0,80.77808988764045,1.2222612359550562,79.5558286516854,78.33356741573034,65.08905486929044,1.3258426966292136,2.393258426966292,0.375,-0.9101123595505616,0.875,0.875,5.429775280898877,5.429775280898877,0,0,1,0.716925879048443,rise_then_depress,7,full_0_18.75h,fold_change
s-c04,s,213.5,1,7.326388888888889,7.326388888888889,0.9826388888888888,18.75,0.25,82.8342013888889,0.7452256944444444,82.08897569444446,81.34375000000001,110.15317414094352,-0.06944444444444464,1.1805555555555554,1.5,-0.06944444444444464,0.125,1.5,6.326388888888889,6.326388888888889,0,0,1,1.1271775356806693,depress_then_recover,7,full_0_18.75h,fold_change
t-a01,t,66.7,1,1.036734693877551,1.036734693877551,0.9224489795918368,18.75,1,18.269897959183673,0.7081632653061225,17.56173469387755,16.853571428571428,24.798991354466857,-0.24489795918367374,0.006823027718550102,10.375,-0.24489795918367374,0.125,0.375,0.03673469387755102,0.03673469387755102,0,0,1,0.04781941277000329,depress_then_recover,7,full_0_18.75h,fold_change
t-a02,t,159.7,1,1.7472527472527473,1.7472527472527473,0.956043956043956,18.75,0.75,24.755494505494507,0.7252747252747253,24.03021978021978,23.304945054945055,33.13257575757576,-0.14652014652014644,0.045924225028702644,10.375,-0.14652014652014644,0.125,0.375,0.7472527472527473,0.7472527472527473,0,0,1,0.2727865206589467,depress_then_recover,7,full_0_18.75h,fold_change
t-a03,t,165.2,1,1.318181818181818,1.318181818181818,0.965034965034965,18.75,0.25,21.62980769230769,0.7316433566433567,20.898164335664333,20.166520979020977,28.563321385902025,-0.13986013986014,0.06993006993007045,0.625,-0.13986013986014,0.125,0.375,0.3181818181818179,0.3181818181818179,0,0,1,0.12241669548644205,depress_then_recover,7,full_0_18.75h,fold_change
t-a04,t,135.1,1,17.385496183206108,17.385496183206108,1,18.75,0,186.7142175572519,0.9584923664122138,185.75572519083968,184.79723282442748,193.79990044798404,0.3969465648854964,2.580152671755725,0.625,0.3969465648854964,0.125,0.625,16.385496183206108,16.385496183206108,0,0,1,1.4016436446219043,monotonic_increase,7,full_0_18.75h,fold_change
t-b01,t,97.6,1,1.0796812749003983,1.0796812749003983,0.9442231075697212,18.75,1,18.85159362549801,0.7206175298804781,18.130976095617527,17.41035856573705,25.160331720801654,-0.17529880478087678,0.008087054766010578,10.375,-0.17529880478087678,0.125,0.375,0.07968127490039834,0.07968127490039834,0,0,1,0.05140391541910657,depress_then_recover,7,full_0_18.75h,fold_change
t-b02,t,134.1,1,1.202090592334495,1.202090592334495,0.9790940766550522,18.75,0.75,20.45165505226481,0.7395470383275261,19.712108013937286,18.97256097560976,26.654299175500594,-0.06968641114982566,0.02787456445993053,0.875,-0.06968641114982566,0.125,0.375,0.2020905923344949,0.2020905923344949,0,0,1,0.0792580344770249,depress_then_recover,7,full_0_18.75h,fold_change
t-b03,t,100.3,1,1.32421875,1.32421875,0.9765625,18.75,0.5,21.5390625,0.73681640625,20.80224609375,20.0654296875,28.232604373757454,-0.078125,0.03515625,1.5,-0.078125,0.125,0.375,0.32421875,0.32421875,0,0,1,0.12351334908181809,depress_then_recover,7,full_0_18.75h,fold_change
t-b04,t,104.5,1,19.035714285714285,19.035714285714285,1,18.75,0,199.87103174603175,0.9915674603174602,198.87946428571428,197.8878968253968,200.57078539269637,0.07936507936507908,4.285714285714287,0.625,0.07936507936507908,0.125,0.875,18.035714285714285,18.035714285714285,0,0,1,1.4472337006127098,monotonic_increase,7,full_0_18.75h,fold_change
t-c01,t,128.2,1,1.1042471042471045,1.1042471042471045,0.9227799227799228,18.75,1,18.837355212355217,0.707046332046332,18.130308880308885,17.423262548262553,25.642320819112634,-0.2779922779922783,0.015444015444015857,0.375,-0.2779922779922783,0.125,0.375,0.10424710424710448,0.10424710424710448,0,0,1,0.0706211346703247,depress_then_recover,7,full_0_18.75h,fold_change
t-c02,t,168,1,1.4323308270676691,1.4323308270676691,0.9661654135338346,18.75,0.25,22.092575187969924,0.7302631578947368,21.362312030075188,20.63204887218045,29.252895752895753,-0.13533834586466176,0.02738188755470766,10.375,-0.13533834586466176,0.125,0.375,0.4323308270676691,0.4323308270676691,0,0,1,0.16688281410172456,depress_then_recover,7,full_0_18.75h,fold_change
t-c03,t,181.4,1,10.43956043956044,10.43956043956044,1,18.75,0,121.36858974358975,0.7641941391941391,120.6043956043956,119.84020146520146,157.81905332534453,0.0293040293040292,2.424908424908425,1.5,0.0293040293040292,0.125,10.375,9.43956043956044,9.43956043956044,0,0,1,1.270243977009499,monotonic_increase,7,full_0_18.75h,fold_change
t-c04,t,73.2,1,22.751824817518248,22.751824817518248,1,18.75,0,240.93978102189783,1.344434306569343,239.59534671532847,238.25091240875912,178.21275873769937,1.5766423357664232,2.788321167883212,0.375,1.0452118967207755,10.375,0.375,21.751824817518248,21.751824817518248,0,0,1,1.396612484498515,monotonic_increase,7,full_0_18.75h,fold_change
u-a01,u,77.3,1,13.448412698412698,13.448412698412698,1,18.75,0,137.84176587301587,1.003472222222222,136.83829365079364,135.83482142857142,136.3648047454276,0.5714285714285712,1.8571428571428568,0.875,0.23809523809523814,1.5,1.5,12.448412698412698,12.448412698412698,0,0,1,1.319681482171808,monotonic_increase,7,full_0_18.75h,fold_change
u-a02,u,176.4,1,18.203508771929823,18.203508771929823,0.9964912280701754,18.75,0.25,184.84210526315786,1.0013157894736844,183.8407894736842,182.8394736842105,183.5992115637319,-0.01403508771929829,3.03157894736842,0.875,-0.01403508771929829,0.125,1.5,17.203508771929823,17.203508771929823,0,0,1,1.4548577653674706,depress_then_recover,7,full_0_18.75h,fold_change
u-a03,u,132.6,1,1.2578125,1.2578125,0.9765625,18.75,0.25,21.05810546875,0.73779296875,20.3203125,19.58251953125,27.542025148908007,-0.09375,0.03515625,1.5,-0.09375,0.125,0.375,0.2578125,0.2578125,0,0,1,0.09908359705780653,depress_then_recover,7,full_0_18.75h,fold_change
u-a04,u,215.9,1,2.610169491525424,2.610169491525424,1,18.75,0,36.55847457627119,0.7902542372881356,35.768220338983056,34.97796610169492,45.26166219839143,0.06779661016949134,0.4610169491525422,0.875,0.06779661016949134,0.125,1.5,1.6101694915254239,1.6101694915254239,0,0,1,0.41678101884739205,monotonic_increase,7,full_0_18.75h,fold_change
u-b01,u,125.6,1,19.836734693877553,19.836734693877553,1,18.75,0,211.92219387755102,1.0778061224489797,210.84438775510205,209.76658163265307,195.62366863905325,1.0476190476190483,2.479591836734694,1.5,0.8951162554574069,10.375,10.375,18.836734693877553,18.836734693877553,0,0,1,1.448947169430265,monotonic_increase,7,full_0_18.75h,fold_change
u-b02,u,169.8,1,5.702508960573477,5.702508960573477,1,18.75,0,70.89112903225806,0.9229390681003585,69.96818996415772,69.04525089605735,75.81019417475729,0.602150537634409,0.8745519713261638,0.875,0.19943294281281762,10.375,10.375,4.702508960573477,4.702508960573477,0,0,1,0.7861169084643502,monotonic_increase,7,full_0_18.75h,fold_change
u-b03,u,114.4,1,4.806569343065694,4.806569343065694,0.978102189781022,18.75,0.25,54.46669708029198,0.7472627737226278,53.71943430656935,52.97217153284672,71.88827838827838,-0.08759124087591186,0.3503649635036501,0.875,-0.08759124087591186,0.125,0.875,3.8065693430656937,3.8065693430656937,0,0,1,0.8702136271821401,depress_then_recover,7,full_0_18.75h,fold_change
u-b04,u,85.4,1,1.3574144486692017,1.3574144486692017,0.9543726235741444,18.75,0.75,21.722908745247146,0.7252851711026616,20.997623574144487,20.272338403041825,28.950851900393186,-0.13688212927756638,0.04182509505703402,1.5,-0.13688212927756638,0.125,0.375,0.3574144486692017,0.3574144486692017,0,0,1,0.14219713271976783,depress_then_recover,7,full_0_18.75h,fold_change
u-c01,u,150.7,1,26.516363636363636,26.516363636363636,1,18.75,0,283.2581818181818,1.5890909090909093,281.6690909090909,280.08000000000004,177.25171624713957,2.8218181818181822,4.799999999999999,0.875,1.2044504748982359,10.375,1.5,25.516363636363636,25.516363636363636,0,0,1,1.3648256551279705,monotonic_increase,7,full_0_18.75h,fold_change
u-c02,u,156.6,1,4.102990033222591,4.102990033222591,1,18.75,0,48.91403654485049,0.9584717607973421,47.95556478405315,46.99709302325581,50.03336221837088,1.5681063122923584,1.5681063122923584,0.125,-0.38538205980066387,0.375,0.375,3.102990033222591,3.102990033222591,0,0,1,0.637124467880096,rise_then_depress,7,full_0_18.75h,fold_change
u-c03,u,162.1,1,1.4181818181818182,1.4181818181818182,0.9818181818181818,18.75,0.25,22.733181818181816,0.740909090909091,21.992272727272727,21.251363636363635,29.68282208588957,-0.07272727272727275,0.07272727272727275,0.875,-0.07272727272727275,0.125,0.375,0.4181818181818182,0.4181818181818182,0,0,1,0.14891281860994596,depress_then_recover,7,full_0_18.75h,fold_change
u-c04,u,107.5,1,1.125,1.125,0.9632352941176472,18.75,0.75,19.422794117647058,0.7297794117647058,18.69301470588235,17.963235294117645,25.614609571788414,-0.11764705882352944,0.00965759438103599,10.375,-0.11764705882352944,0.125,0.375,0.125,0.125,0,0,1,0.060010474515085,depress_then_recover,7,full_0_18.75h,fold_change
v-a01,v,133.1,1,23.39560439560439,23.39560439560439,1,18.75,0,287.7399267399267,2.3594322344322345,285.3804945054945,283.02106227106225,120.9530370657869,4.820512820512821,8.117216117216117,0.875,0.8316658465912196,10.375,1.5,22.39560439560439,22.39560439560439,0,0,1,0.9955990563274171,monotonic_increase,7,full_0_18.75h,fold_change
v-a02,v,82,1,14.679012345679013,14.679012345679013,0.9958847736625516,18.75,0.25,156.96090534979427,0.9542181069958848,156.00668724279836,155.05246913580248,163.49164420485175,-0.01646090534979372,2.419753086419753,0.625,-0.01646090534979372,0.125,0.375,13.679012345679013,13.679012345679013,0,0,1,1.3352058596255212,depress_then_recover,7,full_0_18.75h,fold_change
v-a03,v,130.7,1,10.511363636363637,10.511363636363637,1,18.75,0,131.04166666666666,1.0804924242424243,129.96117424242425,128.8806818181818,120.27957931638913,0.4848484848484844,2.712121212121213,0.875,0.3584350972410674,10.375,0.375,9.511363636363637,9.511363636363637,0,0,1,1.0027790391695814,monotonic_increase,7,full_0_18.75h,fold_change
v-a04,v,103,1,17.947791164658636,17.947791164658636,0.9919678714859438,18.75,0.25,186.69076305220887,0.8815261044176707,185.8092369477912,184.92771084337352,210.7813211845103,-0.032128514056224855,3.004016064257028,0.875,-0.032128514056224855,0.125,1.5,16.947791164658636,16.947791164658636,0,0,1,1.4886791454301826,depress_then_recover,7,full_0_18.75h,fold_change
v-b01,v,91.3,1,20.003875968992247,20.003875968992247,0.9534883720930232,18.75,0.25,206.77277131782944,0.9098837209302324,205.8628875968992,204.953003875969,226.25186368477105,-0.1860465116279073,3.271317829457363,0.875,-0.1860465116279073,0.125,1.5,19.003875968992247,19.003875968992247,0,0,1,1.5105007474713203,depress_then_recover,7,full_0_18.75h,fold_change
v-b02,v,177.4,1,22.49259259259259,22.49259259259259,0.9814814814814816,18.75,0.25,238.33611111111108,0.750462962962963,237.58564814814812,236.83518518518517,316.5854410857495,-0.07407407407407351,3.7222222222222223,1.5,-0.07407407407407351,0.125,10.375,21.49259259259259,21.49259259259259,0,0,1,1.6584577660922686,depress_then_recover,7,full_0_18.75h,fold_change
v-b03,v,123.4,1,24.721014492753625,24.721014492753625,1,18.75,0,262.92708333333337,1.3473731884057971,261.57971014492756,260.23233695652175,194.1405042016807,1.2318840579710146,3.7391304347826075,0.875,1.1269738265195761,10.375,0.375,23.721014492753625,23.721014492753625,0,0,1,1.4214862380045348,monotonic_increase,7,full_0_18.75h,fold_change
v-b04,v,131.1,1,11.693548387096774,11.693548387096774,1,18.75,0,126.57358870967742,0.8533266129032258,125.72026209677419,124.86693548387096,147.3295924394566,0.016129032258064946,1.435483870967742,0.625,0.016129032258064946,0.125,0.625,10.693548387096774,10.693548387096774,0,0,1,1.2833890034076223,monotonic_increase,7,full_0_18.75h,fold_change
v-c01,v,154.6,1,30.68421052631579,30.68421052631579,1,18.75,0,374.84539473684214,2.093515037593985,372.75187969924815,370.65836466165416,178.0507295173962,3.50375939849624,7.233082706766918,0.875,1.0865222758388509,10.375,10.375,29.68421052631579,29.68421052631579,0,0,1,1.1815319775868351,monotonic_increase,7,full_0_18.75h,fold_change
v-c02,v,113.7,1,9.405511811023622,9.405511811023622,1,18.75,0,116.55314960629921,0.9330708661417323,115.62007874015748,114.68700787401575,123.91350210970464,0.06299212598425186,2.9606299212598426,0.875,0.06299212598425186,0.125,1.5,8.405511811023622,8.405511811023622,0,0,1,1.003086089759924,monotonic_increase,7,full_0_18.75h,fold_change
v-c03,v,227.6,1,9.359154929577464,9.359154929577464,1,18.75,0,106.5162852112676,0.9163732394366197,105.59991197183098,104.68353873239435,115.2367915465898,0.549295774647887,1.323943661971831,0.875,0.3844860206012192,10.375,10.375,8.359154929577464,8.359154929577464,0,0,1,1.1064765668366563,monotonic_increase,7,full_0_18.75h,fold_change
v-c04,v,163.5,1,15.214814814814815,15.214814814814815,1,18.75,0,164.7527777777778,0.9027777777777777,163.85,162.94722222222222,181.49538461538464,0.02962962962962923,3.4074074074074074,0.625,0.02962962962962923,0.125,0.625,14.214814814814815,14.214814814814815,0,0,1,1.3607294142001776,monotonic_increase,7,full_0_18.75h,fold_change
c-a01,c,93.7,0.01067235859124866,0.2729660947377063,0.2729660947377063,0.01067235859124866,18.75,0,2.819236926360726,0.016177858960676462,2.8030590674000493,2.786881208439373,173.26514430700922,0.014284541499055926,0.05171989163451275,0.375,0.00673179541909532,1.5,1.5,0.2622937361464576,0.2622937361464576,0,0,1,1.4000869600400765,monotonic_increase,7,full_0_18.75h,metabolism_per_area_mm2_measurement
c-a02,c,180.7,0.00553403431101272,0.03583187683389536,0.03583187683389536,0.00553403431101272,18.75,0,0.4118625409578258,0.0045561226724209975,0.4073064182854048,0.4027502956129838,89.39759694156204,0.001274022287427401,0.003822066862282169,1.5,0.0011943958944631988,0.375,10.375,0.030297842522882642,0.030297842522882642,0,0,1,0.969116506195064,monotonic_increase,7,full_0_18.75h,metabolism_per_area_mm2_measurement
c-a03,c,114,0.0087719298245614,0.15904183535762484,0.15904183535762484,0.00856950067476383,18.75,0.25,1.6690283400809718,0.006764507422402158,1.6622638326585695,1.6554993252361674,245.7331670822943,-8.097165991902758e-4,0.021929824561403508,1.5,-8.097165991902758e-4,0.125,10.375,0.15026990553306344,0.15026990553306344,0,0,1,1.5783631253302848,depress_then_recover,7,full_0_18.75h,metabolism_per_area_mm2_measurement
c-a04,c,178.6,0.00559910414333706,0.03265811989654609,0.03265811989654609,0.00559910414333706,18.75,0,0.39434082005953774,0.0043537517982887835,0.38998706826124896,0.3856333164629602,89.57494279176206,0,0.005399847768129341,1.5,0,0.125,10.375,0.02705901575320903,0.02705901575320903,0,0,1,0.9195732089893707,monotonic_increase,7,full_0_18.75h,metabolism_per_area_mm2_measurement
c-b01,c,145.4,0.00687757909215955,0.19282050263433623,0.19282050263433623,0.00677826387061212,18.75,0.25,2.1358979834044263,0.006095471722473539,2.1298025116819526,2.123707039959479,349.40733197556034,-3.972608861897188e-4,0.045883632354912884,0.875,-3.972608861897188e-4,0.125,0.625,0.18594292354217667,0.18594292354217667,0,0,1,1.5305632108173057,depress_then_recover,7,full_0_18.75h,metabolism_per_area_mm2_measurement
c-b02,c,187.3,0.00533902829684997,0.15271667840798023,0.15271667840798023,0.00533902829684997,18.75,0,1.9850438977294629,0.006002142434358095,1.979041755295105,1.9730396128607468,329.7225577264655,6.140735421297193e-4,0.06782101120854794,0.875,6.140735421297193e-4,0.125,0.625,0.14737765011113027,0.14737765011113027,0,0,1,1.2657191935790422,monotonic_increase,7,full_0_18.75h,metabolism_per_area_mm2_measurement
c-b03,c,109,0.0091743119266055,0.18053238810119543,0.18053238810119543,0.0091743119266055,18.75,0,1.6269721295524047,0.0068894217403391664,1.6200827078120654,1.6131932860717262,235.15510718789423,1.3900472616067833e-4,0.010099626969406512,10.375,-1.3900472616067833e-4,0.375,10.375,0.17135807617458992,0.17135807617458992,0,0,1,1.8963761927319225,rise_then_depress,7,full_0_18.75h,metabolism_per_area_mm2_measurement
c-b04,c,117.8,0.00848896434634974,0.24296878477454964,0.24296878477454964,0.00848896434634974,18.75,0,2.648966222188309,0.014199938955762001,2.6347662832325467,2.6205663442767846,185.54771900363843,0.02746990709830032,0.04082333415997404,0.875,0.010661862090322884,10.375,1.5,0.2344798204281999,0.2344798204281999,0,0,1,1.366648447055546,monotonic_increase,7,full_0_18.75h,metabolism_per_area_mm2_measurement
c-c01,c,153,0.0065359477124183,0.19386774317570168,0.19386774317570168,0.0065359477124183,18.75,0,2.1028750961168785,0.012336000576701265,2.0905390955401773,2.078203094963476,169.46652057462876,0.011822376009227198,0.05142252979623221,0.375,0.008621827425731782,10.375,0.375,0.18733179546328338,0.18733179546328338,0,0,1,1.3084056762397518,monotonic_increase,7,full_0_18.75h,metabolism_per_area_mm2_measurement
c-c02,c,118.7,0.008424599831508,0.24107547062333048,0.24107547062333048,0.008424599831508,18.75,0,2.799736618827332,0.01583360066197567,2.783903018165356,2.7680694175033804,175.82248520710064,0.027462396603776966,0.04772940545110585,0.875,0.009468557520301131,10.375,10.375,0.23265087079182248,0.23265087079182248,0,0,1,1.2553791855408793,monotonic_increase,7,full_0_18.75h,metabolism_per_area_mm2_measurement
c-c03,c,153.6,0.00651041666666666,0.19519540617505995,0.19519540617505995,0.00651041666666666,18.75,0,2.2282808518809953,0.006677275367206232,2.221603576513789,2.214926301146583,332.7110916264798,4.6837529976019934e-4,0.04739958033573141,0.875,4.6837529976019934e-4,0.125,0.625,0.1886849895083933,0.1886849895083933,0,0,1,1.455289232841674,monotonic_increase,7,full_0_18.75h,metabolism_per_area_mm2_measurement
c-c04,c,146,0.00684931506849315,0.03095569349315068,0.03095569349315068,0.00684931506849315,18.75,0,0.39404965753424653,0.005521591395547941,0.3885280661386986,0.3830064747431507,70.3652331920049,4.2808219178079934e-4,0.009845890410958881,0.875,4.2808219178079934e-4,0.125,0.875,0.02410637842465753,0.02410637842465753,0,0,1,0.7132466418485341,monotonic_increase,7,full_0_18.75h,metabolism_per_area_mm2_measurement
r-a01,r,92.4,0.01082251082251082,0.2424666836431542,0.2424666836431542,0.01082251082251082,18.75,0,2.6367243867243864,0.015188651218062982,2.6215357355063236,2.606347084288261,172.59832343695425,0.026822850352262118,0.02987861811391221,0.875,0.010679984341090574,10.375,10.375,0.2316441728206434,0.2316441728206434,0,0,1,1.3554255614279334,monotonic_increase,7,full_0_18.75h,metabolism_per_area_mm2_measurement
r-a02,r,137.3,0.00728332119446467,0.04364577607984036,0.04364577607984036,0.00728332119446467,18.75,0,0.5101269301478053,0.00562155971375735,0.504505370434048,0.49888381072029064,89.74473208910301,8.664173911630824e-4,0.00844756956384008,0.875,-5.41510869476923e-4,0.375,0.875,0.03636245488537569,0.03636245488537569,0,0,1,0.9442675294913316,rise_then_depress,7,full_0_18.75h,metabolism_per_area_mm2_measurement
r-a03,r,101.4,0.00986193293885601,0.072963189674065,0.072963189674065,0.00944629591844445,18.75,0.5,0.8185734959607637,0.007207523785773119,0.8113659721749906,0.8041584483892175,112.57208387942337,-0.0012091258775608835,0.011146629183764469,1.5,-0.0012091258775608835,0.125,1.5,0.06310125673520899,0.06310125673520899,0,0,1,1.1451649365673138,depress_then_recover,7,full_0_18.75h,metabolism_per_area_mm2_measurement
r-a04,r,85.3,0.01172332942555685,0.1020380557309045,0.1020380557309045,0.01149788078275768,18.75,0.25,1.2128347912345567,0.00879249706916764,1.2040422941653892,1.1952497970962215,136.93974358974364,-9.017945711966777e-4,0.023852466408152227,1.5,-9.017945711966777e-4,0.125,10.375,0.09031472630534766,0.09031472630534766,0,0,1,1.1686203460557651,depress_then_recover,7,full_0_18.75h,metabolism_per_area_mm2_measurement
r-b01,r,212.8,0.00469924812030075,0.1150717159139888,0.1150717159139888,0.00469924812030075,18.75,0,1.133687996863177,0.004665575164024707,1.1290224216991525,1.1243568465351277,241.98997594226168,0.0031128777357406004,0.00790192040611082,1.5,0.0031128777357406004,0.125,0.625,0.11037246779368806,0.11037246779368806,0,0,1,1.6833232343268627,monotonic_increase,7,full_0_18.75h,metabolism_per_area_mm2_measurement
r-b02,r,112.6,0.00888099467140319,0.2558661306908479,0.2558661306908479,0.00888099467140319,18.75,0,2.9514895141940105,0.015354772366083944,2.9361347418279267,2.920779969461843,191.21968543886356,0.026300208781278242,0.04499703966844287,0.875,0.010163262401649787,10.375,10.375,0.24698513601944472,0.24698513601944472,0,0,1,1.291864255788012,monotonic_increase,7,full_0_18.75h,metabolism_per_area_mm2_measurement
r-b03,r,120.4,0.00830564784053156,0.14308227763377265,0.14308227763377265,0.0082143769851411,18.75,0.25,1.6369656091416886,0.006552486826573203,1.6304131223151155,1.6238606354885423,248.82356355194435,-3.6508342156184315e-4,0.02902413201416523,1.5,-3.6508342156184315e-4,0.125,10.375,0.1347766297932411,0.1347766297932411,0,0,1,1.4235445216102267,depress_then_recover,7,full_0_18.75h,metabolism_per_area_mm2_measurement
r-b04,r,100.1,0.00999000999000999,0.22498574222712156,0.22498574222712156,0.00956897508621646,18.75,0.5,2.251646820612338,0.00727720555306762,2.2443696150592705,2.237092409506203,308.41091387245245,-0.001224828811035722,0.029663822767271048,1.5,-0.001224828811035722,0.125,1.5,0.21499573223711158,0.21499573223711158,0,0,1,1.7898776458082601,depress_then_recover,7,full_0_18.75h,metabolism_per_area_mm2_measurement
r-c01,r,171.1,0.00584453535943892,0.10642898889538284,0.10642898889538284,0.00584453535943892,18.75,0,1.3984804208065462,0.005856711474771088,1.392623709331775,1.3867669978570039,237.78253638253648,0.004519774011299438,0.04303526203000196,1.5,0.003042647661749698,10.375,10.375,0.10058445353594392,0.10058445353594392,0,0,1,1.3007481836999073,monotonic_increase,7,full_0_18.75h,metabolism_per_area_mm2_measurement
r-c02,r,142.7,0.00700770847932726,0.20378318928599237,0.20378318928599237,0.00700770847932726,18.75,0,2.580190205754108,0.013936336915051,2.566253868839057,2.5523175319240057,184.14120471409868,0.02822549248617924,0.04915128863972595,1.5,0.00659660120328049,10.375,10.375,0.19677548080666513,0.19677548080666513,0,0,1,1.1713928362593662,monotonic_increase,7,full_0_18.75h,metabolism_per_area_mm2_measurement
r-c03,r,117.3,0.00852514919011082,0.16468170655673042,0.16468170655673042,0.00852514919011082,18.75,0,1.9240355129722233,0.013829509740301046,1.9102060032319224,1.8963764934916214,138.12535940195522,0.02672061686452648,0.036645417414207765,0.875,0.0064456129096093,10.375,1.5,0.1561565573666196,0.1561565573666196,0,0,1,1.1315899731402972,monotonic_increase,7,full_0_18.75h,metabolism_per_area_mm2_measurement
r-c04,r,99.2,0.01008064516129032,0.3086966796644216,0.3086966796644216,0.01008064516129032,18.75,0,3.834762347867186,0.02082133256528418,3.813941015301902,3.7931196827366183,183.17468410551982,0.04047028240576628,0.07754342431761785,0.875,0.010493438514622916,10.375,10.375,0.2986160345031313,0.2986160345031313,0,0,1,1.1811732173458915,monotonic_increase,7,full_0_18.75h,metabolism_per_area_mm2_measurement
s-a01,s,122.6,0.00815660685154975,0.02555356552093909,0.02555356552093909,0.00815660685154975,18.75,0,0.3331660183209938,0.006352741874764711,0.3268132764462291,0.3204605345714644,51.44444444444446,1.1407841750420145e-4,0.0026238036025963973,0.875,1.1407841750420145e-4,0.125,0.375,0.01739695866938934,0.01739695866938934,0,0,1,0.5410601405718268,monotonic_increase,7,full_0_18.75h,metabolism_per_area_mm2_measurement
s-a02,s,156.2,0.00640204865556978,0.01315609998635989,0.01315609998635989,0.00640204865556978,18.75,0,0.18741392434582496,0.004884037118682099,0.18252988722714286,0.17764585010846076,37.37274774774776,1.7600133761015713e-4,0.0012320093632711623,0.625,1.7600133761015713e-4,0.125,0.625,0.00675405133079011,0.00675405133079011,0,0,1,0.31837428200358503,monotonic_increase,7,full_0_18.75h,metabolism_per_area_mm2_measurement
s-a03,s,139.9,0.00714796283059328,0.05692248141173453,0.05692248141173453,0.00707672067613554,18.75,0.25,0.5948334002218004,0.005408466892583452,0.589424933329217,0.5840164664366335,108.98188803512625,-2.8496861783096003e-4,0.00420328711300668,1.5,-2.8496861783096003e-4,0.125,1.5,0.04977451858114125,0.04977451858114125,0,0,1,1.2253951039104947,depress_then_recover,7,full_0_18.75h,metabolism_per_area_mm2_measurement
s-a04,s,161.7,0.00618429189857761,0.13600894903415914,0.13600894903415914,0.00618429189857761,18.75,0,1.4062130534031796,0.007801416020953833,1.3984116373822257,1.3906102213612719,179.25100182149373,0.0095492742551566,0.014642220524573472,0.875,0.006467987466356965,10.375,1.5,0.12982465713558153,0.12982465713558153,0,0,1,1.4454824926579097,monotonic_increase,7,full_0_18.75h,metabolism_per_area_mm2_measurement
s-b01,s,103.1,0.00969932104752667,0.02984134176301089,0.02984134176301089,0.00969932104752667,18.75,0,0.3907605117276826,0.0075842318774912015,0.3831762798501914,0.37559204797270024,50.522753792298715,2.8319185540223724e-4,0.0025841256805454304,1.5,2.8319185540223724e-4,0.125,0.375,0.02014202071548422,0.02014202071548422,0,0,1,0.5297523737377325,monotonic_increase,7,full_0_18.75h,metabolism_per_area_mm2_measurement
s-b02,s,96,0.01041666666666666,0.19126461988304091,0.19126461988304091,0.01041666666666666,18.75,0,1.961362390350877,0.011691337719298242,1.9496710526315788,1.9379797149122806,166.76201641266124,0.01271929824561404,0.01959064327485377,0.875,0.00920834424369381,10.375,1.5,0.18084795321637426,0.18084795321637426,0,0,1,1.4317700015438946,monotonic_increase,7,full_0_18.75h,metabolism_per_area_mm2_measurement
s-b03,s,64.4,0.015527950310559,0.03374578177727784,0.03374578177727784,0.01491661368415904,18.75,0.5,0.4451829730522815,0.011279160757079274,0.43390381229520225,0.42262465153812295,38.469512195121965,-0.002200811855039883,0.001073032645740827,10.375,-0.002200811855039883,0.125,0.375,0.01821783146671884,0.01821783146671884,0,0,1,0.39307052943256987,depress_then_recover,7,full_0_18.75h,metabolism_per_area_mm2_measurement
s-b04,s,114.2,0.00875656742556917,0.21330258257073084,0.21330258257073084,0.00875656742556917,18.75,0,2.2563924483855846,0.012741730593719934,2.2436507177918648,2.230908987198145,176.08681185722932,0.008756567425569198,0.04353617325670309,0.375,0.008756567425569198,0.125,0.375,0.20454601514516169,0.20454601514516169,0,0,1,1.3781997583951016,monotonic_increase,7,full_0_18.75h,metabolism_per_area_mm2_measurement
s-c01,s,117.5,0.00851063829787234,0.03834266517357222,0.03834266517357222,0.00851063829787234,18.75,0,0.4797424412094064,0.00699888017917133,0.47274356103023507,0.46574468085106374,67.54560000000001,0.001313923105636397,0.004598730869727511,1.5,0.001313923105636397,0.125,10.375,0.029832026875699878,0.029832026875699878,0,0,1,0.7238950747004667,monotonic_increase,7,full_0_18.75h,metabolism_per_area_mm2_measurement
s-c02,s,126.5,0.00790513833992094,0.21765287142524992,0.21765287142524992,0.00790513833992094,18.75,0,2.321204371076494,0.010473581725180186,2.3107307893513136,2.3002572076261334,220.62469649670493,0.01522901650778892,0.02685421994884908,0.875,0.00984498572008592,10.375,10.375,0.20974773308532899,0.20974773308532899,0,0,1,1.4857559255411192,monotonic_increase,7,full_0_18.75h,metabolism_per_area_mm2_measurement
s-c03,s,133.9,0.00746825989544436,0.04801923286705658,0.04801923286705658,0.00746825989544436,18.75,0,0.6032717691384649,0.009128164570239402,0.5941436045682255,0.5850154399979861,65.08905486929045,0.009901737838903763,0.0178734759295466,0.375,-0.006796955635179687,0.875,0.875,0.04055097297161222,0.04055097297161222,0,0,1,0.7169258790484431,rise_then_depress,7,full_0_18.75h,metabolism_per_area_mm2_measurement
s-c04,s,213.5,0.00468384074941452,0.03431563882383554,0.03431563882383554,0.00460252406973718,18.75,0.25,0.3879822079104865,0.00349051847514962,0.38449168943533685,0.3810011709601872,110.15317414094356,-3.252667187093605e-4,0.00552953421805881,1.5,-3.252667187093605e-4,0.125,1.5,0.02963179807442102,0.02963179807442102,0,0,1,1.1271775356806695,depress_then_recover,7,full_0_18.75h,metabolism_per_area_mm2_measurement
t-a01,t,66.7,0.01499250374812593,0.01554324878377137,0.01554324878377137,0.01382981978398555,18.75,1,0.27391151363093946,0.01061714040938714,0.2632943732215523,0.25267723281216514,24.79899135446685,-0.0036716335709695985,1.0229426864392952e-4,10.375,-0.0036716335709695985,0.125,0.375,5.507450356454398e-4,5.507450356454398e-4,0,0,1,0.047819412770003226,depress_then_recover,7,full_0_18.75h,metabolism_per_area_mm2_measurement
t-a02,t,159.7,0.00626174076393237,0.01094084375236535,0.01094084375236535,0.00598649941167161,18.75,0.75,0.15501248907635878,0.004541482312302597,0.1504710067640562,0.1459295244517536,33.13257575757577,-9.174711742025582e-4,2.875655919142304e-4,10.375,-9.174711742025582e-4,0.125,0.375,0.00467910298843298,0.00467910298843298,0,0,1,0.2727865206589466,depress_then_recover,7,full_0_18.75h,metabolism_per_area_mm2_measurement
t-a03,t,165.2,0.00605326876513317,0.00797930882676645,0.00797930882676645,0.00584161601110753,18.75,0.25,0.13093103929968333,0.004428833877986417,0.1265022054216969,0.1220733715437105,28.563321385902043,-8.466110161025608e-4,4.2330550805124226e-4,0.625,-8.466110161025608e-4,0.125,0.375,0.0019260400616332796,0.0019260400616332796,0,0,1,0.12241669548644216,depress_then_recover,7,full_0_18.75h,metabolism_per_area_mm2_measurement
t-a04,t,135.1,0.00740192450037009,0.1286861301495641,0.1286861301495641,0.00740192450037009,18.75,0,1.3820445415044553,0.007094688130364273,1.3749498533740911,1.367855165243727,193.79990044798419,0.002938168503963723,0.01909809527576404,0.625,0.002938168503963723,0.125,0.625,0.12128420564919401,0.12128420564919401,0,0,1,1.4016436446219047,monotonic_increase,7,full_0_18.75h,metabolism_per_area_mm2_measurement
t-b01,t,97.6,0.01024590163934426,0.01106230814447129,0.01106230814447129,0.00967441708575534,18.75,1,0.19315157403174185,0.007383376330742601,0.18576819770099925,0.17838482137025666,25.16033172080166,-0.0017960943112794794,8.285916768453439e-5,10.375,-0.0017960943112794794,0.125,0.375,8.164065051270309e-4,8.164065051270309e-4,0,0,1,0.0514039154191065,depress_then_recover,7,full_0_18.75h,metabolism_per_area_mm2_measurement
t-b02,t,134.1,0.00745712155108128,0.00896413566244962,0.00896413566244962,0.00730122353956042,18.75,0.75,0.1525104776455242,0.005514892157550527,0.14699558548797367,0.14148069333042315,26.65429917550059,-5.196600384028797e-4,2.0786401536112067e-4,0.875,-5.196600384028797e-4,0.125,0.375,0.0015070141113683391,0.0015070141113683391,0,0,1,0.07925803447702481,depress_then_recover,7,full_0_18.75h,metabolism_per_area_mm2_measurement
t-b03,t,100.3,0.00997008973080757,0.01320257976071784,0.01320257976071784,0.00973641575274177,18.75,0.5,0.21474638584247244,0.0073461256854436665,0.20740026015702875,0.2000541344715851,28.232604373757443,-7.789132602193244e-4,3.505109670986998e-4,1.5,-7.789132602193244e-4,0.125,0.375,0.0032324900299102698,0.0032324900299102698,0,0,1,0.1235133490818181,depress_then_recover,7,full_0_18.75h,metabolism_per_area_mm2_measurement
t-b04,t,104.5,0.00956937799043062,0.18215994531784005,0.18215994531784005,0.00956937799043062,18.75,0,1.9126414521151363,0.009488683830789092,1.9031527682843472,1.8936640844535582,200.5707853926964,7.594744436849599e-4,0.0410116199589884,0.625,7.594744436849599e-4,0.125,0.875,0.17259056732740943,0.17259056732740943,0,0,1,1.4472337006127098,monotonic_increase,7,full_0_18.75h,metabolism_per_area_mm2_measurement
t-c01,t,128.2,0.00780031201248049,0.00861347195200549,0.00861347195200549,0.00719797131653606,18.75,1,0.14693724814629647,0.005515181997241276,0.14142206614905517,0.1359068841518139,25.642320819112637,-0.002168426505399959,1.2046813918887775e-4,0.375,-0.002168426505399959,0.125,0.375,8.131599395249994e-4,8.131599395249994e-4,0,0,1,0.07062113467032446,depress_then_recover,7,full_0_18.75h,metabolism_per_area_mm2_measurement
t-c02,t,168,0.00595238095238095,0.00852577873254565,0.00852577873254565,0.00575098460436806,18.75,0.25,0.13150342373791615,0.004346804511278193,0.12715661922663796,0.12280981471535976,29.252895752895757,-8.055853920515624e-4,1.6298742592087942e-4,10.375,-8.055853920515624e-4,0.125,0.375,0.0025733977801647,0.0025733977801647,0,0,1,0.166882814101725,depress_then_recover,7,full_0_18.75h,metabolism_per_area_mm2_measurement
t-c03,t,181.4,0.00551267916207276,0.05754994729636405,0.05754994729636405,0.00551267916207276,18.75,0,0.6690660956096457,0.004212757106913665,0.664853338502732,0.6606405813958183,157.81905332534458,1.6154371170911883e-4,0.013367742143927372,1.5,1.6154371170908066e-4,0.375,10.375,0.05203726813429129,0.05203726813429129,0,0,1,1.2702439770094993,monotonic_increase,7,full_0_18.75h,metabolism_per_area_mm2_measurement
t-c04,t,73.2,0.01366120218579235,0.3108172789278449,0.3108172789278449,0.01366120218579235,18.75,0,3.29152706314068,0.018366588887559328,3.2731604742531206,3.254793885365561,178.21275873769937,0.021538829723585,0.038091819233377205,0.375,0.014278851048098026,10.375,0.375,0.2971560767420525,0.2971560767420525,0,0,1,1.3966124844985148,monotonic_increase,7,full_0_18.75h,metabolism_per_area_mm2_measurement
u-a01,u,77.3,0.0129366106080207,0.17397687837532597,0.17397687837532597,0.0129366106080207,18.75,0,1.7832052506211624,0.012981529394854103,1.7702237212263083,1.7572421918314542,136.36480474542756,0.00739234891886896,0.024025133986324165,0.875,0.0030801453828620713,1.5,1.5,0.16104026776730526,0.16104026776730526,0,0,1,1.3196814821718075,monotonic_increase,7,full_0_18.75h,metabolism_per_area_mm2_measurement
u-a02,u,176.4,0.00566893424036281,0.10319449417193778,0.10319449417193778,0.0056490432430282,18.75,0.25,1.047857739587063,0.005676393364363284,1.0421813462226996,1.0365049528583363,183.5992115637321,-7.95639893384388e-5,0.017185821697099923,0.875,-7.95639893384388e-5,0.125,1.5,0.09752555993157497,0.09752555993157497,0,0,1,1.454857765367471,depress_then_recover,7,full_0_18.75h,metabolism_per_area_mm2_measurement
u-a03,u,132.6,0.00754147812971342,0.00948576546003016,0.00948576546003016,0.00736472473604826,18.75,0.25,0.15880924184577672,0.005564049538084461,0.15324519230769226,0.1476811427696078,27.542025148908017,-7.070135746606379e-4,2.651300904977392e-4,1.5,-7.070135746606379e-4,0.125,0.375,0.0019442873303167404,0.0019442873303167404,0,0,1,0.0990835970578065,depress_then_recover,7,full_0_18.75h,metabolism_per_area_mm2_measurement
u-a04,u,215.9,0.00463177396943029,0.01208971510664855,0.01208971510664855,0.00463177396943029,18.75,0,0.16933059090445185,0.0036602790055031724,0.16567031189894868,0.1620100328934455,45.26166219839142,3.1401857419863927e-4,0.002135326304550919,0.875,3.1401857419863927e-4,0.125,1.5,0.00745794113721826,0.00745794113721826,0,0,1,0.41678101884739205,monotonic_increase,7,full_0_18.75h,metabolism_per_area_mm2_measurement
u-b01,u,125.6,0.00796178343949044,0.15793578577927989,0.15793578577927989,0.00796178343949044,18.75,0,1.6872786136747695,0.008581258936695695,1.6786973547380737,1.670116095801378,195.62366863905334,0.008340915984228078,0.01974197322240998,1.5,0.007126721779119483,10.375,10.375,0.14997400233978944,0.14997400233978944,0,0,1,1.4489471694302647,monotonic_increase,7,full_0_18.75h,metabolism_per_area_mm2_measurement
u-b02,u,169.8,0.00588928150765606,0.03358368056874838,0.03358368056874838,0.00588928150765606,18.75,0,0.41749781526653734,0.005435447986456759,0.41206236728008055,0.4066269192936238,75.81019417475731,0.00354623402611548,0.005150482752215364,0.875,0.0011745167421249563,10.375,10.375,0.02769439906109232,0.02769439906109232,0,0,1,0.7861169084643505,monotonic_increase,7,full_0_18.75h,metabolism_per_area_mm2_measurement
u-b03,u,114.4,0.00874125874125874,0.04201546628553928,0.04201546628553928,0.00854984431626767,18.75,0.25,0.47610749196059415,0.0065320172528201695,0.46957547470777394,0.4630434574549538,71.88827838827842,-7.656576999642839e-4,0.0030626307998570385,0.875,-7.656576999642839e-4,0.125,0.875,0.03327420754428054,0.03327420754428054,0,0,1,0.8702136271821406,depress_then_recover,7,full_0_18.75h,metabolism_per_area_mm2_measurement
u-b04,u,85.4,0.01170960187353629,0.01589478277130212,0.01589478277130212,0.01117532346105555,18.75,0.75,0.25436661294200397,0.008492800598391817,0.24587381234361216,0.23738101174522036,28.95085190039319,-0.0016028352374422017,4.897552114406893e-4,1.5,-0.0016028352374422017,0.125,0.375,0.004185180897765829,0.004185180897765829,0,0,1,0.14219713271976786,depress_then_recover,7,full_0_18.75h,metabolism_per_area_mm2_measurement
u-c01,u,150.7,0.006635700066357,0.17595463594136454,0.17595463594136454,0.006635700066357,18.75,0,1.8796163358870726,0.010544730650901852,1.8690716052361707,1.8585268745852688,177.2517162471396,0.01872473909633828,0.0318513603185136,0.875,0.007992372096205945,10.375,1.5,0.16931893587500754,0.16931893587500754,0,0,1,1.3648256551279705,monotonic_increase,7,full_0_18.75h,metabolism_per_area_mm2_measurement
u-c02,u,156.6,0.00638569604086845,0.02620044721087223,0.02620044721087223,0.00638569604086845,18.75,0,0.3123501695073467,0.006120509328207802,0.3062296601791389,0.3001091508509311,50.0333622183709,0.01001345027006616,0.01001345027006616,0.125,-0.00246093269349084,0.375,0.375,0.01981475117000378,0.01981475117000378,0,0,1,0.6371244678800962,rise_then_depress,7,full_0_18.75h,metabolism_per_area_mm2_measurement
u-c03,u,162.1,0.00616903146206045,0.00874880825528573,0.00874880825528573,0.00605686725365935,18.75,0.25,0.14024171386910428,0.004570691492344787,0.1356710223767595,0.1311003308844147,29.682822085889587,-4.4865683360439945e-4,4.4865683360439945e-4,0.875,-4.4865683360439945e-4,0.125,0.375,0.0025797767932252804,0.0025797767932252804,0,0,1,0.14891281860994604,depress_then_recover,7,full_0_18.75h,metabolism_per_area_mm2_measurement
u-c04,u,107.5,0.00930232558139534,0.01046511627906976,0.01046511627906976,0.00896032831737346,18.75,0.75,0.1806771545827633,0.00678864569083447,0.1738885088919288,0.16709986320109432,25.614609571788417,-0.001094391244870041,8.983808726545082e-5,10.375,-0.001094391244870041,0.125,0.375,0.0011627906976744203,0.0011627906976744203,0,0,1,0.06001047451508487,depress_then_recover,7,full_0_18.75h,metabolism_per_area_mm2_measurement
v-a01,v,133.1,0.00751314800901577,0.17577463858455594,0.17577463858455594,0.00751314800901577,18.75,0,2.1618326577004265,0.017726763594532187,2.1441058941058944,2.126379130511362,120.95303706578696,0.03621722629987096,0.06098584610981303,0.875,0.006248428599483243,10.375,1.5,0.16826149057554018,0.16826149057554018,0,0,1,0.9955990563274172,monotonic_increase,7,full_0_18.75h,metabolism_per_area_mm2_measurement
v-a02,v,82,0.01219512195121951,0.17901234567901236,0.17901234567901236,0.01214493626417745,18.75,0.25,1.9141573823145641,0.01163680618287664,1.9025205761316875,1.8908837699488108,163.4916442048518,-2.0074274816823945e-4,0.029509183980728673,0.625,-2.0074274816823945e-4,0.125,0.375,0.16681722372779284,0.16681722372779284,0,0,1,1.3352058596255216,depress_then_recover,7,full_0_18.75h,metabolism_per_area_mm2_measurement
v-a03,v,130.7,0.00765110941086457,0.08042359323920151,0.08042359323920151,0.00765110941086457,18.75,0,1.0026141290487123,0.008266965755489087,0.9943471632932231,0.986080197537734,120.27957931638922,0.003709628805267682,0.02075073612946604,0.875,0.00274242614568529,10.375,0.375,0.07277248382833694,0.07277248382833694,0,0,1,1.0027790391695817,monotonic_increase,7,full_0_18.75h,metabolism_per_area_mm2_measurement
v-a04,v,103,0.00970873786407766,0.17425039965687997,0.17425039965687997,0.00963075603384411,18.75,0.25,1.8125316801185325,0.008558505868132721,1.8039731742504,1.7954146683822672,210.78132118451038,-3.119273209341994e-4,0.029165204507349787,0.875,-3.119273209341994e-4,0.125,1.5,0.1645416617928023,0.1645416617928023,0,0,1,1.4886791454301826,depress_then_recover,7,full_0_18.75h,metabolism_per_area_mm2_measurement
v-b01,v,91.3,0.01095290251916758,0.219100503493891,0.219100503493891,0.01044346519269467,18.75,0.25,2.264762007862316,0.009965867699126312,2.2547961401631897,2.2448302724640636,226.2518636847711,-0.002037749305891637,0.0358304252952614,0.875,-0.002037749305891637,0.125,1.5,0.20814760097472343,0.20814760097472343,0,0,1,1.5105007474713203,depress_then_recover,7,full_0_18.75h,metabolism_per_area_mm2_measurement
v-b02,v,177.4,0.00563697857948139,0.1267902626414464,0.1267902626414464,0.00553259008726877,18.75,0.25,1.3434955530502315,0.004230343646916358,1.3392652094033153,1.3350348657563988,316.58544108574995,-4.1755396885048007e-4,0.02098208693473632,1.5,-4.1755396885048007e-4,0.125,10.375,0.12115328406196502,0.12115328406196502,0,0,1,1.6584577660922686,depress_then_recover,7,full_0_18.75h,metabolism_per_area_mm2_measurement
v-b03,v,123.4,0.00810372771474878,0.2003323702816339,0.2003323702816339,0.00810372771474878,18.75,0,2.130689492166397,0.010918745448993492,2.119770746717403,2.1088520012684095,194.1405042016807,0.009982852981936914,0.030300894933408484,0.875,0.009132689031763175,10.375,0.375,0.1922286425668851,0.1922286425668851,0,0,1,1.4214862380045346,monotonic_increase,7,full_0_18.75h,metabolism_per_area_mm2_measurement
v-b04,v,131.1,0.007627765064836,0.08919563987106617,0.08919563987106617,0.007627765064836,18.75,0,0.9654735980905982,0.00650897492679806,0.9589646231638002,0.9524556482370021,147.3295924394566,1.2302846878767953e-4,0.010949533722103284,0.625,1.2302846878767953e-4,0.125,0.625,0.08156787480623016,0.08156787480623016,0,0,1,1.2833890034076223,monotonic_increase,7,full_0_18.75h,metabolism_per_area_mm2_measurement
v-c01,v,154.6,0.00646830530401035,0.19847484169673865,0.19847484169673865,0.00646830530401035,18.75,0,2.424614454960169,0.013541494421694595,2.4110729605384744,2.3975314661167797,178.05072951739623,0.022663385501269322,0.046785787236526016,0.875,0.007027957799733836,10.375,10.375,0.1920065363927283,0.1920065363927283,0,0,1,1.1815319775868354,monotonic_increase,7,full_0_18.75h,metabolism_per_area_mm2_measurement
v-c02,v,113.7,0.00879507475813544,0.08272217951647864,0.08272217951647864,0.00879507475813544,18.75,0,1.0250936640835462,0.008206428022354722,1.0168872360611914,1.0086808080388365,123.91350210970467,5.540204572054008e-4,0.02603896148865295,0.875,5.540204572054008e-4,0.125,1.5,0.0739271047583432,0.0739271047583432,0,0,1,1.003086089759924,monotonic_increase,7,full_0_18.75h,metabolism_per_area_mm2_measurement
v-c03,v,227.6,0.00439367311072056,0.0411210673531523,0.0411210673531523,0.00439367311072056,18.75,0,0.46799773818658874,0.004026244461496569,0.46397149372509217,0.4599452492635956,115.23679154658987,0.0024134260749028406,0.005816975667714559,0.875,0.0016893058901635291,10.375,10.375,0.036727394242431745,0.036727394242431745,0,0,1,1.1064765668366565,monotonic_increase,7,full_0_18.75h,metabolism_per_area_mm2_measurement
v-c04,v,163.5,0.00611620795107033,0.09305697134443312,0.09305697134443312,0.00611620795107033,18.75,0,1.0076622494053686,0.00552157662249405,1.0021406727828746,0.9966190961603805,181.49538461538475,1.812209763279969e-4,0.02084041227772116,0.625,1.812209763279969e-4,0.125,0.625,0.08694076339336279,0.08694076339336279,0,0,1,1.360729414200178,monotonic_increase,7,full_0_18.75h,metabolism_per_area_mm2_measurement
