metric,family_id_group,treatment_group,n,mean,sd,se,median
metabolism_per_area_mm2_measurement,1,NA,8,6.706211124110296,5.024388797260536,1.776389694930323,5.912595730603902
metabolism_per_area_mm2_measurement,10,NA,10,4.226402338261466,2.421477940341652,0.7657385595332945,4.338869360489289
metabolism_per_area_mm2_measurement,3,NA,9,6.067257813890406,4.969948109829243,1.656649369943081,2.9230331618973207
metabolism_per_area_mm2_measurement,5,NA,9,4.20416956321237,3.6664580894728007,1.2221526964909335,3.5872803176611114
metabolism_per_area_mm2_measurement,6,NA,10,6.012005801702258,4.447860401921682,1.4065369584544483,4.398955973443272
metabolism_per_area_mm2_measurement,7,NA,10,3.6478238442697366,4.233349685757471,1.3387027138951677,2.121381699909521
metabolism_per_area_mm2_measurement,8,NA,9,7.0895411204311705,3.8520985071573737,1.2840328357191246,5.587302144713018
metabolism_per_area_mm2_measurement,9,NA,10,3.3914177104897916,1.4981986634648743,0.4737720163969096,2.821623347859799
metabolism_per_area_mm2_measurement,9b,NA,10,3.5168508840948576,1.8438822841167937,0.5830867755042781,2.873285076524863
