metric,family_id_group,treatment_group,n,mean,sd,se,median
metabolism_per_area_mm2_measurement,1,NA,11,0.5835532724141163,0.25216667565444834,0.07603111343427753,0.554213632900994
metabolism_per_area_mm2_measurement,10,NA,11,0.5075177314833503,0.23877168637792126,0.07199237220690713,0.4962221932753679
metabolism_per_area_mm2_measurement,3,NA,11,0.5266803272442504,0.3010026953186965,0.0907557273870711,0.4867697054196636
metabolism_per_area_mm2_measurement,5,NA,11,0.40892426217440175,0.1307802035437635,0.03943171501463374,0.46102345008013285
metabolism_per_area_mm2_measurement,6,NA,11,0.5334305841918753,0.15192218651180095,0.04580626272636689,0.5184460524012396
metabolism_per_area_mm2_measurement,7,NA,11,0.5524472986095441,0.1934575313698533,0.05832964040201936,0.5321541157998515
metabolism_per_area_mm2_measurement,8,NA,11,0.4632688439513424,0.17724624939762715,0.05344175497724419,0.431367067718916
metabolism_per_area_mm2_measurement,9,NA,11,0.35550969492498513,0.15937245408745268,0.048052602920565755,0.288155743359527
metabolism_per_area_mm2_measurement,9b,NA,11,0.3900151644736613,0.17241954734829704,0.05198644955247442,0.3674537912566046
