metric,family_id_group,treatment_group,n,mean,sd,se,median
metabolism_per_area_mm2_measurement,1,NA,19,0.044570980469007794,0.02147399355077798,0.00492647198958344,0.04413369647587004
metabolism_per_area_mm2_measurement,5,NA,19,0.037277402173104796,0.020354122341212533,0.004669555914200469,0.03660461349621035
metabolism_per_area_mm2_measurement,7,NA,20,0.05107739004727972,0.017880455543643137,0.0039981914064249014,0.051269869482887344
metabolism_per_area_mm2_measurement,9,NA,20,0.02851128826374563,0.02281386473990636,0.005101335238791618,0.012431031681863405
