family,resazurin_index,n_surv_exp,overall_mort_pct,composite_score,mean_surv_prop,mean_rel_surv,predicted_composite
1,-0.6277166607719793,7,75.8,46.9,0.219,0.703,41.88923512302646
10,-0.4355152965419311,7,81.9,36.7,0.185,0.671,44.19662057315924
3,-0.2711392849714118,7,72.7,48.8,0.218,0.695,46.16996149593598
5,1.267002309135289,7,67.4,71,0.329,0.787,64.63541593588411
6,0.313359298408499,7,84.4,40.8,0.186,0.671,53.186891538637404
7,-1.4413466419934853,6,84.8,35.3,0.168,0.691,32.121573025606224
8,0.10757418835861232,7,82.1,52.7,0.19,0.701,50.71643264941352
9,1.0877820883764064,5,75.6,63.2,0.346,0.794,62.483869658337035
