metric,family_id_group,treatment_group,n,mean,sd,se,median
metabolism_per_area_mm2_measurement,1,NA,20,0.03215164635549112,0.024347163198966893,0.00544419119721712,0.034003805327690484
metabolism_per_area_mm2_measurement,10,NA,10,0.033002655623077644,0.03772181181156032,0.011928684279277289,0.013454095317685912
metabolism_per_area_mm2_measurement,2,NA,10,0.02947750793179503,0.020367625539998383,0.00644080872358118,0.02807173037584798
metabolism_per_area_mm2_measurement,3,NA,20,0.04445616491934341,0.029645349525649383,0.006628901675609316,0.046522731173298276
metabolism_per_area_mm2_measurement,5,NA,20,0.032913952990491095,0.021406299048461506,0.004786593981904899,0.03191037914287
metabolism_per_area_mm2_measurement,6,NA,3,0.015153496657597694,0.006977673881113542,0.004028561893578324,0.01686951835891666
metabolism_per_area_mm2_measurement,7,NA,13,0.03926503520325966,0.030022804038829447,0.008326827645785148,0.04532027977095241
metabolism_per_area_mm2_measurement,8,NA,10,0.034125213184079274,0.01708393739923045,0.005402415358530153,0.03931044860520605
metabolism_per_area_mm2_measurement,9,NA,20,0.027882072401471805,0.029701942829162505,0.006641556322981978,0.010461066494264298
