metric,family_id_group,treatment_group,n,mean,sd,se,median
metabolism_per_area_mm2_measurement,1,NA,11,0.7306208250251701,0.4915016012950471,0.14819330866859354,0.5639247933706852
metabolism_per_area_mm2_measurement,10,NA,11,0.6468545636040705,0.21382358356987716,0.06447023618458947,0.5565628993725042
metabolism_per_area_mm2_measurement,3,NA,11,0.6957223372909448,0.16986281756875302,0.05121556651892209,0.6939679703281939
metabolism_per_area_mm2_measurement,5,NA,11,0.6614389925683604,0.34001014274222124,0.10251691530828447,0.5590838992491168
metabolism_per_area_mm2_measurement,6,NA,11,0.8347532485202116,0.511850353466936,0.15432868829641944,0.6479559675548756
metabolism_per_area_mm2_measurement,7,NA,11,0.4170295973518119,0.1299035546475599,0.039167395427216783,0.3899564036658093
metabolism_per_area_mm2_measurement,8,NA,11,0.5944347457011375,0.16711672964487065,0.05038758985666356,0.5838863181003118
metabolism_per_area_mm2_measurement,9,NA,11,0.6873531800425812,0.14369359293203696,0.04332524841214829,0.64535284464624
metabolism_per_area_mm2_measurement,9b,NA,11,0.6108176469737093,0.36273480816681897,0.10936865973553474,0.5403535983900289
