metric,family_id_group,treatment_group,n,mean,sd,se,median
metabolism_per_area_mm2_measurement,1,NA,11,0.029916714676154525,0.007167926216641678,0.0021612110714138346,0.03011312823820414
metabolism_per_area_mm2_measurement,10,NA,11,0.027084712978822475,0.0057457565112725715,0.0017324107713302334,0.025112773271510923
metabolism_per_area_mm2_measurement,3,NA,11,0.02248307897261564,0.00944408890700269,0.002847499944662323,0.020963854941746896
metabolism_per_area_mm2_measurement,5,NA,11,0.034027304498945886,0.01538051407407767,0.004637399478772375,0.02878480508309151
metabolism_per_area_mm2_measurement,6,NA,11,0.03344914486055452,0.011511394095519411,0.0034708159117045868,0.031959994832413026
metabolism_per_area_mm2_measurement,7,NA,11,0.017459800869109417,0.0045794231908899705,0.0013807480436758277,0.016267364125688973
metabolism_per_area_mm2_measurement,8,NA,11,0.028495937601877453,0.0037942519070113517,0.0011440099941497364,0.028086216429242264
metabolism_per_area_mm2_measurement,9,NA,11,0.04057271063254345,0.013389709568963501,0.004037149335643933,0.03868304807347144
metabolism_per_area_mm2_measurement,9b,NA,11,0.03488865725392656,0.012751980466611065,0.00384486677651728,0.029593404652846867
