metric,family_id_group,treatment_group,n,mean,sd,se,median
metabolism_per_area_mm2_measurement,1,NA,12,0.0012805522544586591,0.0010296371314776251,2.972306375131205e-4,9.639035371194145e-4
metabolism_per_area_mm2_measurement,10,NA,12,0.0014153459668073257,0.0012150713996924353,3.5076089984852147e-4,0.001000662074014541
metabolism_per_area_mm2_measurement,2,NA,12,0.0021427569903598406,0.002779214895334859,8.022902339786993e-4,0.001016996656982954
metabolism_per_area_mm2_measurement,3,NA,12,0.0026594545681259503,0.002578799124894606,7.444351844719361e-4,0.001913020606748738
metabolism_per_area_mm2_measurement,5,NA,12,0.002630132371863078,0.0031654819553799556,9.137959295267603e-4,9.79820549831934e-4
metabolism_per_area_mm2_measurement,6,NA,12,0.0018199926854468558,0.0029998299986498584,8.659763286218053e-4,8.12855094868493e-4
metabolism_per_area_mm2_measurement,7,NA,12,0.001692299682483369,0.0017292177075943452,4.991821544835315e-4,0.001179660380291185
metabolism_per_area_mm2_measurement,8,NA,12,0.0016778871134298316,0.0015318814914742998,4.422160957346462e-4,0.0014859658389985448
metabolism_per_area_mm2_measurement,9,NA,12,0.00166026365259967,0.0014784156876238854,4.26781847611908e-4,0.0014619171718218932
