metric,family_id_group,treatment_group,n,mean,sd,se,median
metabolism_per_area_mm2_measurement,1,NA,6,0.001057796913643313,2.7652567245523723e-4,1.1289113304922074e-4,0.0010893941381091006
metabolism_per_area_mm2_measurement,10,NA,6,0.0011145232027639938,4.64499706932687e-4,1.8963121127623484e-4,0.0010342293075604517
metabolism_per_area_mm2_measurement,2,NA,6,0.0020305623424975135,0.0018279821104543125,7.462705715914976e-4,0.0011943625197012521
metabolism_per_area_mm2_measurement,3,NA,6,0.002621293626901609,9.193205512126175e-4,3.7531104342084735e-4,0.002643998888162894
metabolism_per_area_mm2_measurement,5,NA,6,0.0025641198218242806,0.0017258199889947606,7.04563060155474e-4,0.0025075281407661533
metabolism_per_area_mm2_measurement,6,NA,6,0.0017131005785115138,0.002164502483965974,8.836544387838941e-4,9.289879582361738e-4
metabolism_per_area_mm2_measurement,7,NA,6,0.0015613058095605052,7.14705703966123e-4,2.9177738182894147e-4,0.0014395363984054394
metabolism_per_area_mm2_measurement,8,NA,6,0.0014779722717391715,3.6580379449299694e-4,1.4933877374696027e-4,0.0013571397614575696
metabolism_per_area_mm2_measurement,9,NA,6,0.001388637001546468,4.548176509869518e-4,1.8567852848821298e-4,0.001227105330302286
