metric,family_id_group,treatment_group,n,mean,sd,se,median
metabolism_per_area_mm2_measurement,1,NA,18,0.002336890928143654,6.641362965270194e-4,1.5653842630212507e-4,0.0023576668564725296
metabolism_per_area_mm2_measurement,10,NA,18,0.0026549312311381556,8.164524127592953e-4,1.9243967919273862e-4,0.002663016222239986
metabolism_per_area_mm2_measurement,2,NA,18,0.0033170570034237955,0.0020943651810357584,4.93646607263792e-4,0.0023288449812256737
metabolism_per_area_mm2_measurement,3,NA,18,0.0037655956798637665,0.001758244530021023,4.1442221005400653e-4,0.003534539788643226
metabolism_per_area_mm2_measurement,5,NA,18,0.0032371795292625433,0.0021002614850129304,4.950363794391906e-4,0.002681919504054649
metabolism_per_area_mm2_measurement,6,NA,18,0.003132772921712081,0.002602104487340462,6.133219094514618e-4,0.002239618950907599
metabolism_per_area_mm2_measurement,7,NA,18,0.0032438536403769595,0.001981575599686343,4.670618479906709e-4,0.0032664899088907856
metabolism_per_area_mm2_measurement,8,NA,18,0.0029426116453470375,0.0011058936713473917,2.6066163809367596e-4,0.0024957950437314966
metabolism_per_area_mm2_measurement,9,NA,18,0.0030513929390530736,0.0011884422984845262,2.801185361024452e-4,0.002676487958225765
