metric,family_id_group,treatment_group,n,mean,sd,se,median
metabolism_per_area_mm2_measurement,1,NA,6,0.002072519439297711,4.8777211678513677e-4,1.9913213281347184e-4,0.002259841019043853
metabolism_per_area_mm2_measurement,10,NA,6,0.0022720330566760884,8.779516480078096e-4,3.584222594091195e-4,0.002212929705377128
metabolism_per_area_mm2_measurement,2,NA,6,0.003795770179597237,0.0030151987291549952,0.0012309497265863393,0.0024441782005012688
metabolism_per_area_mm2_measurement,3,NA,6,0.004779178611463311,0.0013607811217251113,5.555365666397746e-4,0.004766114218475724
metabolism_per_area_mm2_measurement,5,NA,6,0.004802020750290515,0.002994848404203319,0.0012226417412144332,0.00460274071780864
metabolism_per_area_mm2_measurement,6,NA,6,0.0032749156736881723,0.0036644418556919527,0.0014960021230904657,0.0019318994264883253
metabolism_per_area_mm2_measurement,7,NA,6,0.0029494862972806266,0.0013282028327998546,5.422365358798008e-4,0.0028887212922741527
metabolism_per_area_mm2_measurement,8,NA,6,0.002927775153391968,6.735722374352015e-4,2.749847144368403e-4,0.0026769633549559298
metabolism_per_area_mm2_measurement,9,NA,6,0.0028058926411061655,0.00085410510736193105,3.4868694995696255e-4,0.0025224987469498563
