metric,family_id_group,treatment_group,n,mean,sd,se,median
metabolism_per_area_mm2_measurement,1,NA,11,0.7567611021773938,0.2227544774236318,0.06716300199871632,0.7621530045760013
metabolism_per_area_mm2_measurement,10,NA,11,0.6207063827781286,0.21870879746097094,0.06594318359344312,0.58943905587697
metabolism_per_area_mm2_measurement,3,NA,11,0.6243838159084835,0.3985688963484845,0.12017304384490687,0.5079109101392857
metabolism_per_area_mm2_measurement,5,NA,11,0.8294920884968207,0.6740868096430005,0.20324482033759608,0.5833880436123284
metabolism_per_area_mm2_measurement,6,NA,11,0.441524962590235,0.10222417579792953,0.030821748693187417,0.4540654215618442
metabolism_per_area_mm2_measurement,7,NA,11,0.41373406050800454,0.13839724618470786,0.041728339783011034,0.374321836273823
metabolism_per_area_mm2_measurement,8,NA,11,0.6421864237711618,0.3407388190201843,0.10273661947261503,0.5419116778196995
metabolism_per_area_mm2_measurement,9,NA,11,0.8709676701164277,0.35259015067871846,0.10630993041601668,0.9203302282511857
metabolism_per_area_mm2_measurement,9b,NA,11,0.9557082241988278,0.2520239154918009,0.07598806962568556,0.9066481065359616
